Sleep_Hours,Gender,Exam_Score
6,Male,55
7,Male,56
10,Male,57
8,Male,57
7,Female,57
6,Female,57
9,Female,58
9,Male,58
9,Female,58
8,Male,58
8,Male,58
8,Female,58
8,Male,58
7,Male,58
7,Male,58
7,Female,58
7,Male,58
7,Female,58
7,Male,58
7,Female,58
7,Male,58
6,Female,58
6,Male,58
6,Female,58
6,Female,58
5,Female,58
5,Female,58
5,Male,58
10,Female,59
10,Male,59
10,Male,59
9,Male,59
9,Male,59
9,Male,59
9,Female,59
9,Male,59
9,Female,59
8,Female,59
8,Female,59
8,Male,59
8,Male,59
7,Male,59
7,Male,59
7,Male,59
7,Male,59
7,Female,59
7,Female,59
7,Male,59
7,Female,59
7,Female,59
7,Male,59
7,Female,59
7,Female,59
6,Male,59
6,Female,59
6,Male,59
6,Male,59
6,Female,59
6,Female,59
6,Male,59
5,Female,59
5,Male,59
5,Female,59
5,Male,59
5,Female,59
5,Male,59
4,Male,59
4,Male,59
10,Male,60
10,Female,60
10,Male,60
9,Female,60
9,Female,60
9,Female,60
9,Male,60
9,Male,60
9,Female,60
9,Female,60
9,Male,60
9,Male,60
9,Female,60
9,Female,60
9,Male,60
9,Female,60
9,Male,60
8,Female,60
8,Male,60
8,Male,60
8,Female,60
8,Female,60
8,Female,60
8,Male,60
8,Female,60
8,Male,60
8,Male,60
8,Male,60
8,Male,60
8,Male,60
8,Male,60
7,Male,60
7,Female,60
7,Female,60
7,Male,60
7,Female,60
7,Female,60
7,Male,60
7,Female,60
7,Male,60
7,Male,60
7,Female,60
7,Male,60
7,Female,60
7,Female,60
7,Male,60
7,Female,60
7,Female,60
7,Male,60
7,Female,60
7,Male,60
7,Female,60
6,Male,60
6,Male,60
6,Male,60
6,Female,60
6,Female,60
6,Male,60
6,Female,60
6,Male,60
6,Male,60
6,Male,60
6,Female,60
6,Female,60
6,Male,60
5,Female,60
5,Female,60
5,Female,60
5,Male,60
5,Male,60
5,Male,60
4,Female,60
4,Male,60
4,Female,60
4,Female,60
4,Female,60
4,Male,60
10,Female,61
10,Male,61
10,Male,61
10,Male,61
10,Male,61
10,Male,61
10,Female,61
10,Male,61
9,Female,61
9,Female,61
9,Male,61
9,Male,61
9,Female,61
9,Male,61
9,Female,61
9,Female,61
9,Male,61
9,Female,61
9,Male,61
9,Male,61
9,Female,61
9,Male,61
9,Male,61
9,Male,61
9,Female,61
9,Female,61
9,Female,61
9,Male,61
9,Male,61
9,Male,61
8,Female,61
8,Male,61
8,Female,61
8,Male,61
8,Female,61
8,Female,61
8,Male,61
8,Female,61
8,Female,61
8,Male,61
8,Male,61
8,Female,61
8,Male,61
8,Female,61
8,Female,61
8,Male,61
8,Male,61
8,Male,61
8,Male,61
8,Male,61
8,Male,61
8,Female,61
8,Female,61
8,Female,61
8,Female,61
8,Female,61
8,Male,61
8,Male,61
8,Female,61
8,Male,61
8,Male,61
8,Male,61
8,Male,61
8,Male,61
8,Male,61
8,Female,61
8,Male,61
8,Female,61
8,Female,61
8,Male,61
8,Female,61
8,Male,61
7,Female,61
7,Male,61
7,Male,61
7,Male,61
7,Female,61
7,Female,61
7,Female,61
7,Male,61
7,Female,61
7,Female,61
7,Male,61
7,Male,61
7,Female,61
7,Male,61
7,Male,61
7,Female,61
7,Male,61
7,Female,61
7,Female,61
7,Male,61
7,Male,61
7,Male,61
7,Male,61
7,Male,61
7,Female,61
7,Female,61
7,Male,61
7,Male,61
7,Female,61
7,Female,61
7,Male,61
7,Female,61
7,Male,61
7,Male,61
7,Male,61
7,Female,61
7,Male,61
7,Male,61
7,Male,61
7,Female,61
7,Male,61
6,Male,61
6,Male,61
6,Female,61
6,Male,61
6,Female,61
6,Male,61
6,Male,61
6,Male,61
6,Male,61
6,Male,61
6,Male,61
6,Female,61
6,Female,61
6,Male,61
6,Male,61
6,Female,61
6,Male,61
6,Female,61
6,Female,61
6,Male,61
6,Male,61
6,Male,61
6,Male,61
6,Female,61
6,Female,61
6,Female,61
6,Male,61
6,Female,61
6,Female,61
6,Female,61
6,Female,61
6,Male,61
6,Male,61
6,Male,61
6,Female,61
6,Male,61
6,Male,61
6,Male,61
5,Female,61
5,Male,61
5,Female,61
5,Male,61
5,Male,61
5,Male,61
5,Female,61
5,Male,61
5,Male,61
5,Female,61
5,Male,61
5,Female,61
5,Female,61
5,Male,61
5,Female,61
4,Male,61
4,Male,61
4,Male,61
4,Male,61
4,Male,61
10,Male,62
10,Female,62
10,Male,62
10,Female,62
10,Male,62
10,Female,62
10,Male,62
10,Female,62
10,Female,62
10,Female,62
10,Male,62
10,Male,62
10,Female,62
10,Male,62
10,Female,62
10,Female,62
10,Female,62
10,Female,62
10,Male,62
9,Female,62
9,Male,62
9,Female,62
9,Male,62
9,Male,62
9,Female,62
9,Male,62
9,Male,62
9,Female,62
9,Female,62
9,Female,62
9,Male,62
9,Male,62
9,Female,62
9,Male,62
9,Female,62
9,Female,62
9,Male,62
9,Male,62
9,Male,62
9,Male,62
9,Female,62
9,Female,62
9,Male,62
9,Male,62
8,Male,62
8,Male,62
8,Female,62
8,Male,62
8,Male,62
8,Male,62
8,Male,62
8,Male,62
8,Male,62
8,Male,62
8,Male,62
8,Male,62
8,Male,62
8,Male,62
8,Female,62
8,Male,62
8,Male,62
8,Male,62
8,Female,62
8,Male,62
8,Female,62
8,Male,62
8,Female,62
8,Male,62
8,Female,62
8,Female,62
8,Male,62
8,Female,62
8,Female,62
8,Female,62
8,Male,62
8,Male,62
8,Male,62
8,Male,62
8,Female,62
8,Female,62
8,Female,62
8,Male,62
8,Female,62
8,Female,62
8,Female,62
8,Male,62
8,Male,62
8,Female,62
8,Female,62
8,Male,62
8,Female,62
8,Male,62
8,Male,62
8,Female,62
8,Female,62
8,Female,62
8,Male,62
8,Male,62
8,Male,62
7,Male,62
7,Male,62
7,Male,62
7,Male,62
7,Female,62
7,Male,62
7,Female,62
7,Female,62
7,Female,62
7,Male,62
7,Female,62
7,Female,62
7,Male,62
7,Male,62
7,Female,62
7,Male,62
7,Female,62
7,Male,62
7,Male,62
7,Male,62
7,Female,62
7,Female,62
7,Male,62
7,Female,62
7,Male,62
7,Female,62
7,Female,62
7,Female,62
7,Male,62
7,Male,62
7,Female,62
7,Female,62
7,Female,62
7,Male,62
7,Male,62
7,Female,62
7,Female,62
7,Male,62
7,Female,62
7,Female,62
7,Male,62
7,Male,62
7,Male,62
7,Female,62
7,Female,62
7,Male,62
7,Female,62
7,Male,62
7,Male,62
7,Female,62
7,Female,62
7,Male,62
7,Male,62
7,Female,62
7,Female,62
7,Male,62
7,Female,62
7,Male,62
7,Male,62
7,Male,62
7,Male,62
7,Male,62
7,Female,62
7,Male,62
7,Female,62
7,Male,62
7,Male,62
7,Female,62
7,Female,62
7,Male,62
7,Male,62
7,Male,62
7,Male,62
7,Female,62
6,Male,62
6,Male,62
6,Male,62
6,Male,62
6,Male,62
6,Male,62
6,Female,62
6,Male,62
6,Male,62
6,Male,62
6,Male,62
6,Female,62
6,Male,62
6,Male,62
6,Male,62
6,Male,62
6,Male,62
6,Female,62
6,Male,62
6,Female,62
6,Male,62
6,Male,62
6,Male,62
6,Male,62
6,Female,62
6,Female,62
6,Male,62
6,Male,62
6,Female,62
6,Male,62
6,Female,62
6,Female,62
6,Male,62
6,Male,62
6,Male,62
6,Female,62
6,Male,62
6,Female,62
6,Female,62
6,Male,62
6,Female,62
6,Male,62
6,Male,62
6,Male,62
6,Female,62
6,Female,62
6,Female,62
6,Male,62
6,Female,62
6,Male,62
6,Male,62
6,Male,62
6,Male,62
6,Male,62
6,Female,62
6,Male,62
5,Female,62
5,Male,62
5,Male,62
5,Female,62
5,Female,62
5,Male,62
5,Female,62
5,Female,62
5,Male,62
5,Male,62
5,Female,62
5,Female,62
5,Female,62
5,Male,62
5,Male,62
5,Male,62
5,Male,62
5,Male,62
5,Male,62
5,Male,62
5,Male,62
5,Male,62
5,Male,62
5,Male,62
5,Male,62
4,Male,62
4,Male,62
4,Female,62
4,Male,62
4,Male,62
4,Male,62
4,Male,62
4,Male,62
4,Male,62
4,Male,62
10,Female,63
10,Male,63
10,Male,63
10,Male,63
10,Male,63
10,Female,63
10,Female,63
10,Male,63
10,Female,63
10,Female,63
10,Female,63
10,Male,63
10,Female,63
10,Female,63
10,Male,63
10,Female,63
9,Male,63
9,Male,63
9,Female,63
9,Male,63
9,Female,63
9,Female,63
9,Female,63
9,Male,63
9,Male,63
9,Female,63
9,Male,63
9,Male,63
9,Male,63
9,Male,63
9,Male,63
9,Female,63
9,Male,63
9,Female,63
9,Female,63
9,Male,63
9,Male,63
9,Female,63
9,Male,63
9,Female,63
9,Female,63
9,Male,63
9,Male,63
9,Male,63
9,Female,63
9,Male,63
9,Male,63
9,Female,63
9,Female,63
9,Female,63
9,Male,63
9,Male,63
9,Male,63
9,Female,63
9,Male,63
9,Male,63
9,Male,63
9,Male,63
9,Female,63
9,Female,63
9,Female,63
9,Female,63
9,Female,63
9,Male,63
9,Male,63
9,Female,63
9,Male,63
8,Female,63
8,Female,63
8,Female,63
8,Male,63
8,Male,63
8,Male,63
8,Male,63
8,Female,63
8,Male,63
8,Male,63
8,Male,63
8,Female,63
8,Male,63
8,Male,63
8,Male,63
8,Male,63
8,Male,63
8,Male,63
8,Male,63
8,Female,63
8,Male,63
8,Male,63
8,Male,63
8,Female,63
8,Female,63
8,Female,63
8,Female,63
8,Female,63
8,Female,63
8,Male,63
8,Male,63
8,Female,63
8,Female,63
8,Female,63
8,Male,63
8,Male,63
8,Female,63
8,Female,63
8,Female,63
8,Male,63
8,Male,63
8,Female,63
8,Male,63
8,Female,63
8,Male,63
8,Female,63
8,Male,63
8,Male,63
8,Male,63
8,Male,63
8,Male,63
8,Female,63
8,Male,63
8,Male,63
8,Female,63
8,Female,63
8,Male,63
8,Female,63
8,Female,63
8,Female,63
8,Male,63
8,Male,63
8,Male,63
8,Male,63
8,Female,63
8,Male,63
8,Male,63
8,Male,63
8,Female,63
8,Male,63
8,Male,63
8,Female,63
7,Male,63
7,Male,63
7,Male,63
7,Male,63
7,Female,63
7,Male,63
7,Female,63
7,Female,63
7,Male,63
7,Female,63
7,Male,63
7,Male,63
7,Female,63
7,Female,63
7,Female,63
7,Male,63
7,Female,63
7,Female,63
7,Female,63
7,Female,63
7,Female,63
7,Female,63
7,Male,63
7,Male,63
7,Male,63
7,Male,63
7,Female,63
7,Female,63
7,Male,63
7,Male,63
7,Female,63
7,Male,63
7,Male,63
7,Female,63
7,Female,63
7,Female,63
7,Male,63
7,Male,63
7,Female,63
7,Male,63
7,Male,63
7,Male,63
7,Male,63
7,Female,63
7,Male,63
7,Female,63
7,Female,63
7,Male,63
7,Male,63
7,Female,63
7,Male,63
7,Male,63
7,Female,63
7,Female,63
7,Male,63
7,Male,63
7,Female,63
7,Female,63
7,Male,63
7,Female,63
7,Male,63
7,Female,63
7,Male,63
7,Male,63
7,Male,63
7,Female,63
7,Female,63
7,Male,63
7,Female,63
7,Female,63
7,Male,63
7,Female,63
7,Female,63
7,Female,63
7,Female,63
7,Male,63
7,Male,63
7,Male,63
7,Male,63
7,Female,63
7,Male,63
7,Male,63
7,Female,63
7,Male,63
7,Male,63
7,Male,63
7,Male,63
7,Male,63
7,Female,63
7,Female,63
7,Male,63
7,Male,63
7,Male,63
7,Male,63
7,Male,63
7,Female,63
6,Female,63
6,Male,63
6,Male,63
6,Female,63
6,Female,63
6,Female,63
6,Male,63
6,Female,63
6,Female,63
6,Female,63
6,Male,63
6,Male,63
6,Male,63
6,Male,63
6,Female,63
6,Male,63
6,Female,63
6,Male,63
6,Male,63
6,Male,63
6,Female,63
6,Male,63
6,Male,63
6,Male,63
6,Female,63
6,Female,63
6,Male,63
6,Female,63
6,Male,63
6,Male,63
6,Male,63
6,Female,63
6,Female,63
6,Female,63
6,Female,63
6,Male,63
6,Female,63
6,Male,63
6,Male,63
6,Male,63
6,Female,63
6,Female,63
6,Male,63
6,Male,63
6,Female,63
6,Male,63
6,Female,63
6,Female,63
6,Male,63
6,Male,63
6,Female,63
6,Male,63
6,Male,63
6,Male,63
6,Male,63
6,Female,63
6,Female,63
6,Female,63
6,Male,63
6,Female,63
6,Female,63
6,Male,63
6,Male,63
6,Male,63
6,Female,63
6,Male,63
6,Female,63
6,Male,63
6,Male,63
6,Male,63
6,Male,63
6,Female,63
6,Male,63
6,Female,63
6,Male,63
6,Female,63
6,Male,63
6,Male,63
6,Female,63
6,Male,63
6,Male,63
6,Male,63
6,Female,63
5,Female,63
5,Male,63
5,Male,63
5,Male,63
5,Male,63
5,Female,63
5,Female,63
5,Female,63
5,Male,63
5,Male,63
5,Male,63
5,Male,63
5,Male,63
5,Female,63
5,Female,63
5,Male,63
5,Female,63
5,Male,63
5,Male,63
5,Male,63
5,Female,63
5,Female,63
5,Female,63
5,Female,63
5,Male,63
5,Female,63
5,Male,63
5,Female,63
5,Male,63
5,Male,63
5,Male,63
5,Male,63
5,Female,63
5,Male,63
5,Female,63
5,Male,63
5,Male,63
5,Male,63
5,Male,63
5,Female,63
4,Female,63
4,Male,63
4,Male,63
4,Male,63
4,Female,63
4,Male,63
4,Male,63
4,Female,63
4,Female,63
4,Male,63
4,Female,63
4,Female,63
4,Female,63
10,Male,64
10,Female,64
10,Male,64
10,Male,64
10,Male,64
10,Female,64
10,Male,64
10,Male,64
10,Male,64
10,Female,64
10,Female,64
10,Male,64
10,Male,64
10,Female,64
10,Male,64
10,Female,64
10,Male,64
10,Female,64
9,Male,64
9,Male,64
9,Female,64
9,Female,64
9,Female,64
9,Male,64
9,Male,64
9,Male,64
9,Female,64
9,Male,64
9,Female,64
9,Male,64
9,Male,64
9,Male,64
9,Male,64
9,Male,64
9,Female,64
9,Female,64
9,Female,64
9,Male,64
9,Female,64
9,Female,64
9,Female,64
9,Male,64
9,Female,64
9,Male,64
9,Female,64
9,Female,64
9,Male,64
9,Male,64
9,Male,64
9,Male,64
9,Male,64
9,Male,64
9,Female,64
9,Female,64
9,Male,64
9,Male,64
9,Male,64
9,Male,64
9,Female,64
9,Male,64
9,Male,64
9,Female,64
9,Female,64
9,Male,64
9,Male,64
9,Male,64
9,Female,64
9,Male,64
9,Male,64
9,Male,64
9,Male,64
9,Male,64
9,Male,64
9,Female,64
9,Male,64
9,Male,64
9,Male,64
9,Female,64
9,Male,64
9,Male,64
9,Female,64
9,Male,64
9,Male,64
8,Female,64
8,Female,64
8,Male,64
8,Female,64
8,Male,64
8,Female,64
8,Male,64
8,Female,64
8,Female,64
8,Female,64
8,Female,64
8,Female,64
8,Male,64
8,Female,64
8,Male,64
8,Male,64
8,Male,64
8,Male,64
8,Female,64
8,Female,64
8,Female,64
8,Female,64
8,Female,64
8,Female,64
8,Female,64
8,Male,64
8,Male,64
8,Male,64
8,Male,64
8,Female,64
8,Male,64
8,Female,64
8,Female,64
8,Female,64
8,Female,64
8,Female,64
8,Male,64
8,Male,64
8,Male,64
8,Male,64
8,Male,64
8,Male,64
8,Male,64
8,Female,64
8,Female,64
8,Female,64
8,Female,64
8,Female,64
8,Male,64
8,Female,64
8,Female,64
8,Female,64
8,Male,64
8,Male,64
8,Female,64
8,Male,64
8,Female,64
8,Female,64
8,Male,64
8,Female,64
8,Male,64
8,Female,64
8,Male,64
8,Male,64
8,Male,64
8,Male,64
8,Female,64
8,Female,64
8,Female,64
8,Female,64
8,Female,64
8,Female,64
8,Female,64
8,Male,64
8,Male,64
8,Male,64
8,Male,64
8,Male,64
8,Male,64
8,Male,64
8,Male,64
8,Male,64
8,Female,64
8,Female,64
8,Female,64
8,Female,64
8,Female,64
8,Female,64
8,Male,64
8,Male,64
8,Female,64
8,Male,64
8,Male,64
8,Female,64
8,Female,64
8,Male,64
8,Female,64
8,Male,64
8,Male,64
7,Female,64
7,Male,64
7,Male,64
7,Male,64
7,Male,64
7,Female,64
7,Male,64
7,Female,64
7,Male,64
7,Female,64
7,Female,64
7,Female,64
7,Male,64
7,Female,64
7,Male,64
7,Male,64
7,Female,64
7,Male,64
7,Female,64
7,Female,64
7,Male,64
7,Male,64
7,Female,64
7,Female,64
7,Female,64
7,Female,64
7,Female,64
7,Female,64
7,Male,64
7,Male,64
7,Female,64
7,Male,64
7,Female,64
7,Male,64
7,Female,64
7,Female,64
7,Female,64
7,Male,64
7,Male,64
7,Female,64
7,Female,64
7,Female,64
7,Female,64
7,Male,64
7,Female,64
7,Male,64
7,Female,64
7,Male,64
7,Female,64
7,Female,64
7,Female,64
7,Female,64
7,Male,64
7,Male,64
7,Male,64
7,Female,64
7,Male,64
7,Male,64
7,Male,64
7,Male,64
7,Male,64
7,Female,64
7,Female,64
7,Male,64
7,Male,64
7,Male,64
7,Male,64
7,Female,64
7,Female,64
7,Female,64
7,Male,64
7,Male,64
7,Female,64
7,Male,64
7,Male,64
7,Female,64
7,Female,64
7,Female,64
7,Male,64
7,Male,64
7,Male,64
7,Female,64
7,Female,64
7,Male,64
7,Male,64
7,Female,64
7,Female,64
7,Male,64
7,Female,64
7,Male,64
7,Male,64
7,Male,64
7,Female,64
7,Female,64
7,Male,64
7,Male,64
7,Male,64
7,Female,64
7,Female,64
7,Female,64
7,Female,64
7,Male,64
7,Female,64
7,Female,64
7,Female,64
7,Female,64
7,Male,64
7,Female,64
7,Male,64
7,Female,64
7,Male,64
7,Male,64
7,Male,64
7,Male,64
7,Male,64
7,Male,64
7,Female,64
7,Male,64
7,Male,64
7,Male,64
7,Male,64
6,Male,64
6,Male,64
6,Female,64
6,Male,64
6,Male,64
6,Female,64
6,Male,64
6,Male,64
6,Male,64
6,Female,64
6,Male,64
6,Male,64
6,Male,64
6,Male,64
6,Male,64
6,Male,64
6,Male,64
6,Female,64
6,Male,64
6,Male,64
6,Male,64
6,Female,64
6,Male,64
6,Male,64
6,Male,64
6,Female,64
6,Female,64
6,Male,64
6,Female,64
6,Female,64
6,Female,64
6,Male,64
6,Male,64
6,Male,64
6,Male,64
6,Male,64
6,Female,64
6,Female,64
6,Female,64
6,Female,64
6,Male,64
6,Male,64
6,Male,64
6,Female,64
6,Male,64
6,Male,64
6,Male,64
6,Female,64
6,Male,64
6,Male,64
6,Female,64
6,Male,64
6,Male,64
6,Female,64
6,Male,64
6,Female,64
6,Male,64
6,Male,64
6,Female,64
6,Male,64
6,Female,64
6,Male,64
6,Male,64
6,Female,64
6,Male,64
6,Male,64
6,Male,64
6,Male,64
6,Male,64
6,Male,64
6,Male,64
6,Male,64
6,Female,64
6,Female,64
6,Female,64
6,Female,64
6,Male,64
6,Male,64
6,Female,64
6,Female,64
6,Male,64
6,Male,64
6,Female,64
6,Male,64
6,Male,64
6,Male,64
6,Female,64
6,Male,64
6,Female,64
6,Male,64
6,Male,64
6,Male,64
6,Male,64
6,Male,64
6,Female,64
6,Male,64
6,Male,64
6,Female,64
6,Male,64
6,Male,64
6,Male,64
6,Female,64
6,Male,64
6,Male,64
6,Male,64
6,Female,64
6,Male,64
6,Female,64
6,Female,64
6,Female,64
6,Female,64
6,Female,64
6,Female,64
6,Female,64
6,Male,64
6,Female,64
6,Female,64
6,Female,64
6,Female,64
5,Male,64
5,Male,64
5,Male,64
5,Female,64
5,Male,64
5,Male,64
5,Female,64
5,Male,64
5,Female,64
5,Male,64
5,Male,64
5,Male,64
5,Female,64
5,Female,64
5,Female,64
5,Male,64
5,Male,64
5,Male,64
5,Male,64
5,Male,64
5,Female,64
5,Female,64
5,Female,64
5,Male,64
5,Male,64
5,Male,64
5,Male,64
5,Male,64
5,Male,64
5,Male,64
5,Female,64
5,Male,64
5,Male,64
5,Male,64
5,Female,64
5,Male,64
5,Male,64
5,Female,64
5,Female,64
5,Male,64
5,Male,64
5,Male,64
5,Female,64
5,Male,64
5,Female,64
5,Female,64
5,Female,64
5,Female,64
5,Male,64
5,Female,64
5,Female,64
5,Female,64
5,Female,64
4,Male,64
4,Female,64
4,Male,64
4,Male,64
4,Female,64
4,Male,64
4,Female,64
4,Female,64
4,Female,64
4,Female,64
4,Female,64
4,Male,64
4,Female,64
4,Male,64
4,Female,64
4,Male,64
4,Female,64
4,Female,64
4,Male,64
4,Female,64
4,Male,64
4,Male,64
4,Male,64
4,Male,64
4,Female,64
4,Male,64
10,Male,65
10,Male,65
10,Male,65
10,Male,65
10,Male,65
10,Female,65
10,Male,65
10,Female,65
10,Male,65
10,Female,65
10,Male,65
10,Male,65
10,Female,65
10,Female,65
10,Female,65
10,Male,65
10,Male,65
10,Male,65
10,Male,65
10,Male,65
10,Female,65
10,Female,65
10,Male,65
10,Female,65
10,Male,65
10,Male,65
10,Male,65
10,Female,65
10,Male,65
10,Male,65
9,Male,65
9,Female,65
9,Female,65
9,Female,65
9,Male,65
9,Male,65
9,Male,65
9,Male,65
9,Female,65
9,Female,65
9,Male,65
9,Male,65
9,Female,65
9,Female,65
9,Male,65
9,Male,65
9,Male,65
9,Female,65
9,Female,65
9,Female,65
9,Female,65
9,Male,65
9,Female,65
9,Male,65
9,Male,65
9,Male,65
9,Male,65
9,Male,65
9,Male,65
9,Female,65
9,Male,65
9,Male,65
9,Female,65
9,Male,65
9,Male,65
9,Male,65
9,Male,65
9,Male,65
9,Male,65
9,Female,65
9,Female,65
9,Female,65
9,Female,65
9,Male,65
9,Female,65
9,Male,65
9,Male,65
9,Male,65
9,Male,65
9,Female,65
9,Male,65
9,Female,65
9,Female,65
9,Male,65
9,Female,65
9,Female,65
9,Female,65
9,Female,65
9,Female,65
9,Female,65
9,Female,65
9,Female,65
9,Male,65
9,Female,65
9,Male,65
9,Female,65
9,Male,65
9,Female,65
9,Male,65
9,Male,65
9,Male,65
9,Male,65
9,Male,65
9,Female,65
8,Male,65
8,Male,65
8,Female,65
8,Female,65
8,Male,65
8,Male,65
8,Male,65
8,Male,65
8,Male,65
8,Female,65
8,Female,65
8,Male,65
8,Female,65
8,Female,65
8,Male,65
8,Male,65
8,Female,65
8,Male,65
8,Male,65
8,Male,65
8,Male,65
8,Male,65
8,Male,65
8,Female,65
8,Female,65
8,Female,65
8,Male,65
8,Male,65
8,Male,65
8,Male,65
8,Female,65
8,Male,65
8,Male,65
8,Male,65
8,Male,65
8,Male,65
8,Female,65
8,Female,65
8,Female,65
8,Male,65
8,Male,65
8,Female,65
8,Male,65
8,Male,65
8,Female,65
8,Male,65
8,Male,65
8,Female,65
8,Female,65
8,Male,65
8,Male,65
8,Female,65
8,Male,65
8,Female,65
8,Male,65
8,Male,65
8,Female,65
8,Male,65
8,Female,65
8,Male,65
8,Male,65
8,Male,65
8,Male,65
8,Male,65
8,Male,65
8,Female,65
8,Male,65
8,Male,65
8,Male,65
8,Female,65
8,Male,65
8,Male,65
8,Male,65
8,Male,65
8,Male,65
8,Male,65
8,Male,65
8,Female,65
8,Female,65
8,Male,65
8,Female,65
8,Male,65
8,Female,65
8,Female,65
8,Female,65
8,Male,65
8,Male,65
8,Male,65
8,Female,65
8,Female,65
8,Male,65
8,Male,65
8,Male,65
8,Male,65
8,Female,65
8,Female,65
8,Male,65
8,Male,65
8,Female,65
8,Male,65
8,Female,65
8,Male,65
8,Female,65
8,Female,65
8,Male,65
8,Female,65
8,Male,65
8,Female,65
8,Male,65
8,Male,65
8,Male,65
8,Male,65
8,Male,65
8,Female,65
8,Male,65
8,Female,65
8,Female,65
8,Male,65
8,Male,65
8,Male,65
8,Male,65
8,Female,65
8,Male,65
8,Male,65
8,Female,65
8,Male,65
8,Male,65
8,Female,65
8,Male,65
8,Male,65
8,Female,65
8,Female,65
8,Male,65
8,Female,65
8,Female,65
8,Male,65
8,Male,65
8,Female,65
8,Male,65
8,Male,65
8,Male,65
8,Female,65
8,Male,65
8,Female,65
8,Female,65
8,Male,65
8,Female,65
8,Male,65
8,Male,65
8,Male,65
8,Male,65
7,Male,65
7,Female,65
7,Male,65
7,Male,65
7,Male,65
7,Male,65
7,Female,65
7,Male,65
7,Female,65
7,Male,65
7,Female,65
7,Male,65
7,Female,65
7,Male,65
7,Male,65
7,Female,65
7,Female,65
7,Male,65
7,Male,65
7,Male,65
7,Female,65
7,Male,65
7,Male,65
7,Female,65
7,Male,65
7,Male,65
7,Female,65
7,Male,65
7,Male,65
7,Male,65
7,Female,65
7,Male,65
7,Female,65
7,Female,65
7,Female,65
7,Male,65
7,Male,65
7,Male,65
7,Male,65
7,Male,65
7,Male,65
7,Male,65
7,Female,65
7,Male,65
7,Male,65
7,Female,65
7,Female,65
7,Male,65
7,Female,65
7,Male,65
7,Female,65
7,Male,65
7,Female,65
7,Female,65
7,Female,65
7,Male,65
7,Female,65
7,Male,65
7,Female,65
7,Male,65
7,Male,65
7,Male,65
7,Female,65
7,Female,65
7,Male,65
7,Female,65
7,Female,65
7,Male,65
7,Male,65
7,Male,65
7,Female,65
7,Male,65
7,Female,65
7,Male,65
7,Male,65
7,Female,65
7,Male,65
7,Male,65
7,Male,65
7,Male,65
7,Male,65
7,Male,65
7,Male,65
7,Male,65
7,Male,65
7,Female,65
7,Female,65
7,Female,65
7,Female,65
7,Male,65
7,Female,65
7,Male,65
7,Female,65
7,Female,65
7,Male,65
7,Male,65
7,Female,65
7,Female,65
7,Male,65
7,Female,65
7,Male,65
7,Female,65
7,Male,65
7,Female,65
7,Male,65
7,Female,65
7,Female,65
7,Female,65
7,Female,65
7,Female,65
7,Female,65
7,Male,65
7,Female,65
7,Male,65
7,Female,65
7,Female,65
7,Female,65
7,Male,65
7,Male,65
7,Male,65
7,Female,65
7,Female,65
7,Female,65
7,Female,65
7,Male,65
7,Female,65
7,Female,65
7,Female,65
7,Male,65
7,Male,65
7,Female,65
7,Female,65
7,Female,65
7,Female,65
7,Male,65
7,Female,65
7,Female,65
7,Male,65
7,Male,65
7,Male,65
7,Male,65
7,Male,65
7,Male,65
7,Female,65
7,Female,65
7,Male,65
7,Female,65
7,Male,65
7,Female,65
7,Female,65
7,Male,65
7,Female,65
7,Female,65
7,Female,65
7,Male,65
7,Male,65
7,Male,65
7,Male,65
7,Female,65
7,Male,65
7,Male,65
7,Female,65
7,Male,65
7,Female,65
7,Male,65
7,Male,65
7,Male,65
7,Female,65
7,Male,65
7,Female,65
7,Male,65
7,Male,65
7,Female,65
7,Female,65
7,Male,65
7,Male,65
7,Female,65
7,Female,65
7,Male,65
7,Female,65
7,Male,65
6,Female,65
6,Female,65
6,Female,65
6,Male,65
6,Male,65
6,Male,65
6,Female,65
6,Male,65
6,Male,65
6,Male,65
6,Female,65
6,Female,65
6,Female,65
6,Male,65
6,Male,65
6,Male,65
6,Female,65
6,Male,65
6,Male,65
6,Male,65
6,Male,65
6,Female,65
6,Male,65
6,Female,65
6,Male,65
6,Female,65
6,Female,65
6,Male,65
6,Male,65
6,Female,65
6,Female,65
6,Male,65
6,Female,65
6,Female,65
6,Female,65
6,Female,65
6,Male,65
6,Male,65
6,Female,65
6,Male,65
6,Female,65
6,Male,65
6,Male,65
6,Male,65
6,Male,65
6,Female,65
6,Female,65
6,Male,65
6,Male,65
6,Male,65
6,Female,65
6,Male,65
6,Male,65
6,Male,65
6,Female,65
6,Male,65
6,Male,65
6,Female,65
6,Male,65
6,Female,65
6,Male,65
6,Male,65
6,Male,65
6,Female,65
6,Female,65
6,Male,65
6,Male,65
6,Male,65
6,Male,65
6,Male,65
6,Male,65
6,Female,65
6,Female,65
6,Male,65
6,Male,65
6,Male,65
6,Female,65
6,Male,65
6,Male,65
6,Male,65
6,Female,65
6,Male,65
6,Male,65
6,Male,65
6,Male,65
6,Female,65
6,Male,65
6,Male,65
6,Male,65
6,Male,65
6,Male,65
6,Female,65
6,Male,65
6,Male,65
6,Male,65
6,Female,65
6,Female,65
6,Male,65
6,Male,65
6,Male,65
6,Male,65
6,Female,65
6,Male,65
6,Female,65
6,Male,65
6,Male,65
6,Male,65
6,Female,65
6,Female,65
6,Male,65
6,Female,65
6,Male,65
6,Female,65
6,Male,65
6,Female,65
6,Female,65
6,Female,65
6,Male,65
6,Male,65
6,Male,65
6,Female,65
6,Male,65
6,Male,65
6,Male,65
6,Male,65
6,Male,65
6,Male,65
6,Female,65
6,Male,65
6,Female,65
6,Male,65
6,Male,65
6,Female,65
6,Male,65
6,Female,65
6,Female,65
6,Female,65
6,Male,65
6,Male,65
6,Female,65
6,Female,65
6,Male,65
6,Male,65
6,Male,65
6,Male,65
6,Female,65
5,Female,65
5,Male,65
5,Female,65
5,Male,65
5,Female,65
5,Male,65
5,Male,65
5,Male,65
5,Male,65
5,Male,65
5,Female,65
5,Female,65
5,Female,65
5,Female,65
5,Female,65
5,Male,65
5,Male,65
5,Female,65
5,Female,65
5,Male,65
5,Male,65
5,Female,65
5,Male,65
5,Female,65
5,Male,65
5,Female,65
5,Male,65
5,Male,65
5,Female,65
5,Male,65
5,Male,65
5,Female,65
5,Female,65
5,Male,65
5,Male,65
5,Male,65
5,Female,65
5,Female,65
5,Female,65
5,Female,65
5,Female,65
5,Female,65
5,Male,65
5,Female,65
5,Female,65
5,Male,65
5,Female,65
5,Male,65
5,Male,65
5,Female,65
5,Male,65
5,Female,65
5,Male,65
5,Female,65
5,Female,65
5,Male,65
5,Female,65
5,Male,65
5,Female,65
5,Male,65
5,Male,65
5,Male,65
5,Male,65
5,Male,65
5,Female,65
5,Male,65
4,Male,65
4,Female,65
4,Male,65
4,Male,65
4,Male,65
4,Female,65
4,Male,65
4,Male,65
4,Male,65
4,Female,65
4,Male,65
4,Female,65
4,Female,65
4,Male,65
4,Male,65
4,Male,65
4,Male,65
4,Male,65
4,Female,65
4,Male,65
4,Female,65
4,Male,65
4,Female,65
4,Male,65
4,Female,65
4,Male,65
4,Female,65
4,Male,65
4,Female,65
4,Male,65
4,Male,65
10,Female,66
10,Male,66
10,Male,66
10,Female,66
10,Male,66
10,Male,66
10,Female,66
10,Male,66
10,Male,66
10,Female,66
10,Male,66
10,Male,66
10,Male,66
10,Female,66
10,Male,66
10,Female,66
10,Female,66
10,Male,66
10,Male,66
10,Female,66
10,Male,66
10,Male,66
10,Female,66
10,Female,66
10,Male,66
10,Male,66
10,Male,66
10,Female,66
10,Male,66
10,Female,66
9,Female,66
9,Female,66
9,Female,66
9,Female,66
9,Female,66
9,Male,66
9,Female,66
9,Female,66
9,Female,66
9,Male,66
9,Female,66
9,Female,66
9,Male,66
9,Female,66
9,Male,66
9,Female,66
9,Female,66
9,Male,66
9,Male,66
9,Male,66
9,Male,66
9,Female,66
9,Female,66
9,Male,66
9,Female,66
9,Male,66
9,Female,66
9,Male,66
9,Male,66
9,Male,66
9,Female,66
9,Female,66
9,Female,66
9,Male,66
9,Female,66
9,Male,66
9,Female,66
9,Male,66
9,Male,66
9,Male,66
9,Female,66
9,Female,66
9,Female,66
9,Male,66
9,Male,66
9,Female,66
9,Female,66
9,Female,66
9,Male,66
9,Female,66
9,Female,66
9,Male,66
9,Male,66
9,Male,66
9,Female,66
9,Female,66
9,Female,66
9,Male,66
9,Female,66
9,Female,66
9,Female,66
9,Male,66
9,Female,66
9,Male,66
9,Female,66
9,Female,66
9,Female,66
9,Male,66
9,Female,66
9,Male,66
9,Female,66
9,Male,66
9,Female,66
9,Male,66
9,Male,66
9,Male,66
9,Male,66
9,Female,66
9,Male,66
9,Male,66
9,Male,66
9,Male,66
9,Male,66
9,Female,66
9,Female,66
9,Male,66
9,Male,66
9,Male,66
9,Male,66
9,Male,66
9,Male,66
8,Male,66
8,Female,66
8,Male,66
8,Female,66
8,Female,66
8,Male,66
8,Female,66
8,Male,66
8,Male,66
8,Female,66
8,Male,66
8,Male,66
8,Female,66
8,Male,66
8,Male,66
8,Female,66
8,Male,66
8,Male,66
8,Female,66
8,Female,66
8,Male,66
8,Female,66
8,Female,66
8,Female,66
8,Male,66
8,Male,66
8,Male,66
8,Male,66
8,Male,66
8,Male,66
8,Male,66
8,Male,66
8,Male,66
8,Female,66
8,Male,66
8,Female,66
8,Male,66
8,Female,66
8,Male,66
8,Female,66
8,Male,66
8,Male,66
8,Female,66
8,Female,66
8,Female,66
8,Female,66
8,Female,66
8,Female,66
8,Male,66
8,Female,66
8,Female,66
8,Male,66
8,Female,66
8,Female,66
8,Male,66
8,Male,66
8,Male,66
8,Female,66
8,Female,66
8,Male,66
8,Male,66
8,Male,66
8,Female,66
8,Male,66
8,Female,66
8,Female,66
8,Female,66
8,Female,66
8,Female,66
8,Male,66
8,Female,66
8,Male,66
8,Female,66
8,Male,66
8,Male,66
8,Male,66
8,Female,66
8,Female,66
8,Male,66
8,Female,66
8,Female,66
8,Female,66
8,Female,66
8,Male,66
8,Male,66
8,Male,66
8,Female,66
8,Female,66
8,Female,66
8,Male,66
8,Female,66
8,Male,66
8,Male,66
8,Male,66
8,Male,66
8,Male,66
8,Male,66
8,Male,66
8,Male,66
8,Female,66
8,Female,66
8,Male,66
8,Female,66
8,Male,66
8,Male,66
8,Female,66
8,Male,66
8,Male,66
8,Female,66
8,Female,66
8,Female,66
8,Female,66
8,Male,66
8,Male,66
8,Female,66
8,Male,66
8,Male,66
8,Male,66
8,Male,66
8,Male,66
8,Male,66
8,Female,66
8,Male,66
8,Male,66
8,Male,66
8,Female,66
8,Male,66
8,Female,66
8,Female,66
8,Female,66
8,Female,66
8,Female,66
8,Male,66
8,Male,66
8,Male,66
8,Male,66
8,Female,66
8,Male,66
8,Female,66
8,Female,66
8,Male,66
8,Male,66
8,Female,66
8,Male,66
8,Male,66
8,Male,66
8,Male,66
8,Female,66
8,Female,66
8,Male,66
8,Male,66
8,Male,66
8,Male,66
8,Female,66
8,Female,66
8,Female,66
8,Female,66
8,Male,66
8,Female,66
8,Male,66
7,Male,66
7,Female,66
7,Female,66
7,Male,66
7,Male,66
7,Male,66
7,Male,66
7,Male,66
7,Male,66
7,Male,66
7,Male,66
7,Female,66
7,Female,66
7,Female,66
7,Female,66
7,Female,66
7,Female,66
7,Female,66
7,Female,66
7,Male,66
7,Male,66
7,Male,66
7,Male,66
7,Male,66
7,Male,66
7,Female,66
7,Female,66
7,Male,66
7,Male,66
7,Female,66
7,Female,66
7,Female,66
7,Female,66
7,Female,66
7,Female,66
7,Male,66
7,Male,66
7,Male,66
7,Female,66
7,Female,66
7,Female,66
7,Female,66
7,Female,66
7,Female,66
7,Male,66
7,Female,66
7,Male,66
7,Male,66
7,Male,66
7,Female,66
7,Female,66
7,Female,66
7,Male,66
7,Female,66
7,Female,66
7,Male,66
7,Male,66
7,Male,66
7,Female,66
7,Male,66
7,Male,66
7,Female,66
7,Male,66
7,Male,66
7,Female,66
7,Female,66
7,Female,66
7,Male,66
7,Male,66
7,Male,66
7,Male,66
7,Male,66
7,Male,66
7,Male,66
7,Male,66
7,Female,66
7,Female,66
7,Female,66
7,Male,66
7,Male,66
7,Female,66
7,Male,66
7,Male,66
7,Female,66
7,Female,66
7,Male,66
7,Male,66
7,Male,66
7,Female,66
7,Male,66
7,Male,66
7,Male,66
7,Male,66
7,Female,66
7,Male,66
7,Female,66
7,Male,66
7,Female,66
7,Female,66
7,Male,66
7,Female,66
7,Male,66
7,Female,66
7,Male,66
7,Female,66
7,Male,66
7,Male,66
7,Female,66
7,Male,66
7,Male,66
7,Female,66
7,Male,66
7,Female,66
7,Male,66
7,Male,66
7,Female,66
7,Male,66
7,Male,66
7,Female,66
7,Male,66
7,Female,66
7,Male,66
7,Female,66
7,Female,66
7,Male,66
7,Male,66
7,Female,66
7,Female,66
7,Female,66
7,Male,66
7,Female,66
7,Female,66
7,Male,66
7,Male,66
7,Male,66
7,Female,66
7,Female,66
7,Male,66
7,Female,66
7,Female,66
7,Female,66
7,Male,66
7,Female,66
7,Female,66
7,Male,66
7,Male,66
7,Male,66
7,Female,66
7,Male,66
7,Male,66
7,Female,66
7,Male,66
7,Male,66
7,Male,66
7,Male,66
7,Male,66
7,Male,66
7,Male,66
7,Male,66
7,Female,66
7,Male,66
7,Male,66
7,Female,66
7,Female,66
7,Male,66
7,Male,66
7,Male,66
7,Female,66
7,Male,66
7,Female,66
7,Female,66
7,Male,66
7,Male,66
7,Male,66
7,Male,66
7,Female,66
7,Female,66
7,Female,66
7,Male,66
7,Male,66
7,Male,66
7,Female,66
7,Male,66
7,Female,66
7,Female,66
7,Male,66
7,Female,66
7,Male,66
7,Female,66
7,Male,66
7,Female,66
7,Female,66
7,Female,66
7,Male,66
7,Male,66
7,Male,66
7,Male,66
7,Female,66
7,Male,66
7,Female,66
7,Male,66
7,Male,66
7,Female,66
7,Female,66
7,Female,66
7,Female,66
7,Male,66
6,Male,66
6,Male,66
6,Male,66
6,Female,66
6,Male,66
6,Male,66
6,Female,66
6,Male,66
6,Male,66
6,Male,66
6,Female,66
6,Male,66
6,Female,66
6,Male,66
6,Male,66
6,Male,66
6,Female,66
6,Male,66
6,Female,66
6,Male,66
6,Male,66
6,Male,66
6,Male,66
6,Male,66
6,Male,66
6,Male,66
6,Female,66
6,Male,66
6,Male,66
6,Female,66
6,Male,66
6,Male,66
6,Female,66
6,Female,66
6,Male,66
6,Female,66
6,Female,66
6,Female,66
6,Female,66
6,Male,66
6,Male,66
6,Male,66
6,Female,66
6,Male,66
6,Male,66
6,Female,66
6,Male,66
6,Male,66
6,Male,66
6,Male,66
6,Male,66
6,Male,66
6,Female,66
6,Female,66
6,Male,66
6,Male,66
6,Female,66
6,Male,66
6,Female,66
6,Female,66
6,Female,66
6,Male,66
6,Female,66
6,Female,66
6,Female,66
6,Male,66
6,Female,66
6,Male,66
6,Male,66
6,Male,66
6,Female,66
6,Female,66
6,Female,66
6,Male,66
6,Male,66
6,Female,66
6,Male,66
6,Male,66
6,Female,66
6,Female,66
6,Male,66
6,Male,66
6,Male,66
6,Male,66
6,Female,66
6,Male,66
6,Male,66
6,Male,66
6,Female,66
6,Male,66
6,Male,66
6,Male,66
6,Female,66
6,Male,66
6,Female,66
6,Male,66
6,Male,66
6,Female,66
6,Male,66
6,Male,66
6,Male,66
6,Male,66
6,Female,66
6,Male,66
6,Female,66
6,Male,66
6,Male,66
6,Female,66
6,Female,66
6,Male,66
6,Female,66
6,Male,66
6,Male,66
6,Female,66
6,Male,66
6,Female,66
6,Female,66
6,Female,66
6,Female,66
6,Female,66
6,Female,66
6,Male,66
6,Male,66
6,Female,66
6,Male,66
6,Female,66
6,Male,66
6,Female,66
6,Male,66
6,Female,66
6,Female,66
6,Male,66
6,Female,66
6,Female,66
6,Male,66
6,Male,66
6,Male,66
6,Male,66
6,Male,66
6,Female,66
6,Male,66
6,Female,66
6,Male,66
6,Female,66
5,Female,66
5,Male,66
5,Male,66
5,Male,66
5,Male,66
5,Male,66
5,Male,66
5,Male,66
5,Female,66
5,Male,66
5,Male,66
5,Male,66
5,Female,66
5,Female,66
5,Male,66
5,Male,66
5,Male,66
5,Male,66
5,Male,66
5,Male,66
5,Male,66
5,Male,66
5,Male,66
5,Female,66
5,Female,66
5,Male,66
5,Male,66
5,Male,66
5,Male,66
5,Male,66
5,Male,66
5,Male,66
5,Female,66
5,Female,66
5,Male,66
5,Female,66
5,Male,66
5,Male,66
5,Female,66
5,Female,66
5,Female,66
5,Female,66
5,Male,66
5,Male,66
5,Female,66
5,Female,66
5,Female,66
5,Male,66
5,Male,66
5,Female,66
5,Male,66
5,Male,66
5,Male,66
5,Male,66
5,Male,66
5,Male,66
5,Male,66
5,Female,66
5,Male,66
5,Male,66
5,Male,66
5,Female,66
5,Male,66
5,Male,66
5,Male,66
5,Female,66
5,Female,66
5,Male,66
5,Male,66
5,Female,66
5,Male,66
5,Female,66
5,Male,66
5,Female,66
5,Female,66
5,Male,66
5,Female,66
5,Female,66
5,Male,66
5,Female,66
5,Female,66
4,Female,66
4,Male,66
4,Male,66
4,Male,66
4,Male,66
4,Female,66
4,Female,66
4,Female,66
4,Female,66
4,Male,66
4,Female,66
4,Male,66
4,Female,66
4,Female,66
4,Female,66
4,Male,66
4,Male,66
4,Female,66
4,Male,66
4,Male,66
4,Male,66
4,Female,66
4,Male,66
4,Male,66
4,Male,66
4,Male,66
4,Male,66
4,Male,66
4,Male,66
4,Female,66
4,Female,66
4,Female,66
4,Male,66
4,Female,66
4,Male,66
4,Female,66
4,Female,66
4,Female,66
Â´1,Male,67
10,Male,67
10,Female,67
10,Female,67
10,Male,67
10,Male,67
10,Male,67
10,Female,67
10,Female,67
10,Male,67
10,Male,67
10,Female,67
10,Female,67
10,Male,67
10,Male,67
10,Male,67
10,Male,67
10,Male,67
10,Female,67
10,Male,67
10,Female,67
10,Male,67
10,Female,67
10,Male,67
10,Male,67
10,Male,67
10,Male,67
10,Female,67
10,Male,67
10,Female,67
10,Male,67
10,Male,67
10,Male,67
10,Male,67
10,Male,67
10,Female,67
10,Male,67
10,Female,67
10,Female,67
10,Female,67
10,Male,67
10,Male,67
10,Female,67
9,Female,67
9,Female,67
9,Male,67
9,Male,67
9,Female,67
9,Male,67
9,Male,67
9,Female,67
9,Female,67
9,Male,67
9,Female,67
9,Female,67
9,Male,67
9,Male,67
9,Male,67
9,Female,67
9,Female,67
9,Male,67
9,Male,67
9,Male,67
9,Male,67
9,Female,67
9,Male,67
9,Female,67
9,Female,67
9,Female,67
9,Female,67
9,Male,67
9,Male,67
9,Female,67
9,Male,67
9,Female,67
9,Female,67
9,Male,67
9,Male,67
9,Male,67
9,Male,67
9,Female,67
9,Male,67
9,Female,67
9,Male,67
9,Male,67
9,Female,67
9,Male,67
9,Male,67
9,Male,67
9,Female,67
9,Male,67
9,Female,67
9,Female,67
9,Male,67
9,Male,67
9,Male,67
9,Female,67
9,Male,67
9,Male,67
9,Female,67
9,Male,67
9,Male,67
9,Female,67
9,Male,67
9,Male,67
9,Male,67
9,Male,67
9,Female,67
9,Male,67
9,Female,67
9,Male,67
9,Male,67
9,Female,67
9,Female,67
9,Female,67
9,Male,67
9,Male,67
9,Male,67
9,Male,67
9,Male,67
9,Male,67
8,Male,67
8,Male,67
8,Male,67
8,Female,67
8,Male,67
8,Male,67
8,Female,67
8,Female,67
8,Male,67
8,Male,67
8,Male,67
8,Female,67
8,Female,67
8,Female,67
8,Female,67
8,Female,67
8,Male,67
8,Male,67
8,Male,67
8,Male,67
8,Male,67
8,Female,67
8,Female,67
8,Male,67
8,Male,67
8,Female,67
8,Male,67
8,Female,67
8,Male,67
8,Male,67
8,Female,67
8,Male,67
8,Male,67
8,Female,67
8,Male,67
8,Male,67
8,Male,67
8,Male,67
8,Male,67
8,Female,67
8,Female,67
8,Male,67
8,Male,67
8,Female,67
8,Female,67
8,Male,67
8,Male,67
8,Female,67
8,Male,67
8,Male,67
8,Female,67
8,Female,67
8,Male,67
8,Female,67
8,Female,67
8,Female,67
8,Female,67
8,Male,67
8,Male,67
8,Female,67
8,Male,67
8,Female,67
8,Female,67
8,Male,67
8,Male,67
8,Male,67
8,Male,67
8,Female,67
8,Male,67
8,Male,67
8,Male,67
8,Male,67
8,Male,67
8,Male,67
8,Male,67
8,Female,67
8,Female,67
8,Male,67
8,Male,67
8,Male,67
8,Female,67
8,Male,67
8,Female,67
8,Female,67
8,Female,67
8,Female,67
8,Male,67
8,Male,67
8,Female,67
8,Female,67
8,Male,67
8,Female,67
8,Male,67
8,Female,67
8,Male,67
8,Male,67
8,Male,67
8,Female,67
8,Female,67
8,Male,67
8,Male,67
8,Male,67
8,Male,67
8,Male,67
8,Female,67
8,Female,67
8,Female,67
8,Male,67
8,Male,67
8,Male,67
8,Male,67
8,Female,67
8,Female,67
8,Female,67
8,Male,67
8,Male,67
8,Female,67
8,Female,67
8,Male,67
8,Male,67
8,Female,67
8,Female,67
8,Male,67
8,Female,67
8,Male,67
8,Male,67
8,Female,67
8,Male,67
8,Female,67
8,Male,67
8,Male,67
8,Female,67
8,Female,67
8,Male,67
8,Male,67
8,Male,67
8,Male,67
8,Male,67
8,Female,67
8,Male,67
8,Male,67
8,Female,67
8,Male,67
8,Female,67
8,Female,67
8,Male,67
8,Male,67
8,Female,67
8,Male,67
8,Female,67
8,Male,67
8,Female,67
8,Male,67
8,Male,67
8,Male,67
8,Male,67
7,Male,67
7,Male,67
7,Male,67
7,Female,67
7,Female,67
7,Male,67
7,Male,67
7,Male,67
7,Male,67
7,Female,67
7,Female,67
7,Male,67
7,Female,67
7,Male,67
7,Male,67
7,Male,67
7,Female,67
7,Male,67
7,Male,67
7,Female,67
7,Male,67
7,Male,67
7,Male,67
7,Female,67
7,Male,67
7,Female,67
7,Female,67
7,Male,67
7,Male,67
7,Male,67
7,Female,67
7,Male,67
7,Male,67
7,Male,67
7,Male,67
7,Male,67
7,Male,67
7,Male,67
7,Male,67
7,Male,67
7,Female,67
7,Male,67
7,Male,67
7,Male,67
7,Male,67
7,Male,67
7,Female,67
7,Female,67
7,Female,67
7,Female,67
7,Female,67
7,Male,67
7,Male,67
7,Female,67
7,Female,67
7,Female,67
7,Female,67
7,Male,67
7,Female,67
7,Male,67
7,Female,67
7,Male,67
7,Male,67
7,Female,67
7,Male,67
7,Male,67
7,Female,67
7,Male,67
7,Male,67
7,Female,67
7,Female,67
7,Female,67
7,Female,67
7,Male,67
7,Female,67
7,Male,67
7,Male,67
7,Male,67
7,Male,67
7,Male,67
7,Male,67
7,Male,67
7,Male,67
7,Male,67
7,Male,67
7,Female,67
7,Male,67
7,Female,67
7,Male,67
7,Female,67
7,Male,67
7,Male,67
7,Male,67
7,Male,67
7,Female,67
7,Male,67
7,Female,67
7,Male,67
7,Female,67
7,Male,67
7,Male,67
7,Male,67
7,Male,67
7,Male,67
7,Female,67
7,Female,67
7,Female,67
7,Male,67
7,Male,67
7,Male,67
7,Female,67
7,Male,67
7,Male,67
7,Male,67
7,Male,67
7,Male,67
7,Female,67
7,Male,67
7,Male,67
7,Female,67
7,Male,67
7,Female,67
7,Male,67
7,Male,67
7,Male,67
7,Male,67
7,Male,67
7,Male,67
7,Male,67
7,Male,67
7,Female,67
7,Male,67
7,Male,67
7,Female,67
7,Male,67
7,Female,67
7,Female,67
7,Male,67
7,Female,67
7,Male,67
7,Male,67
7,Female,67
7,Male,67
7,Male,67
7,Male,67
7,Female,67
7,Female,67
7,Male,67
7,Male,67
7,Male,67
7,Female,67
7,Female,67
7,Male,67
7,Female,67
7,Female,67
7,Male,67
7,Female,67
7,Male,67
7,Female,67
7,Male,67
7,Male,67
7,Male,67
7,Male,67
7,Female,67
7,Male,67
7,Female,67
7,Male,67
7,Female,67
7,Female,67
7,Female,67
7,Female,67
7,Male,67
7,Female,67
7,Male,67
7,Female,67
7,Male,67
7,Female,67
7,Male,67
7,Female,67
7,Male,67
7,Male,67
7,Male,67
6,Female,67
6,Male,67
6,Female,67
6,Male,67
6,Male,67
6,Male,67
6,Male,67
6,Female,67
6,Female,67
6,Female,67
6,Female,67
6,Male,67
6,Female,67
6,Female,67
6,Male,67
6,Male,67
6,Male,67
6,Male,67
6,Male,67
6,Female,67
6,Female,67
6,Male,67
6,Female,67
6,Male,67
6,Male,67
6,Female,67
6,Female,67
6,Male,67
6,Female,67
6,Male,67
6,Male,67
6,Male,67
6,Male,67
6,Female,67
6,Male,67
6,Female,67
6,Male,67
6,Female,67
6,Male,67
6,Male,67
6,Male,67
6,Male,67
6,Female,67
6,Female,67
6,Male,67
6,Male,67
6,Male,67
6,Female,67
6,Male,67
6,Male,67
6,Male,67
6,Male,67
6,Female,67
6,Male,67
6,Female,67
6,Male,67
6,Male,67
6,Male,67
6,Male,67
6,Female,67
6,Female,67
6,Male,67
6,Male,67
6,Male,67
6,Male,67
6,Male,67
6,Female,67
6,Male,67
6,Male,67
6,Male,67
6,Female,67
6,Male,67
6,Male,67
6,Male,67
6,Male,67
6,Female,67
6,Female,67
6,Male,67
6,Male,67
6,Male,67
6,Male,67
6,Male,67
6,Female,67
6,Male,67
6,Male,67
6,Female,67
6,Male,67
6,Male,67
6,Male,67
6,Male,67
6,Female,67
6,Female,67
6,Female,67
6,Male,67
6,Male,67
6,Male,67
6,Male,67
6,Female,67
6,Female,67
6,Male,67
6,Female,67
6,Male,67
6,Male,67
6,Female,67
6,Male,67
6,Male,67
6,Female,67
6,Female,67
6,Female,67
6,Female,67
6,Male,67
6,Male,67
6,Female,67
6,Male,67
6,Female,67
6,Female,67
6,Male,67
6,Male,67
6,Male,67
6,Male,67
6,Female,67
6,Female,67
6,Male,67
6,Male,67
6,Male,67
6,Male,67
6,Male,67
6,Male,67
6,Female,67
6,Female,67
6,Male,67
6,Male,67
6,Female,67
6,Female,67
6,Male,67
6,Male,67
6,Male,67
6,Male,67
6,Male,67
5,Female,67
5,Female,67
5,Female,67
5,Female,67
5,Female,67
5,Female,67
5,Female,67
5,Male,67
5,Female,67
5,Male,67
5,Male,67
5,Female,67
5,Male,67
5,Male,67
5,Female,67
5,Female,67
5,Male,67
5,Female,67
5,Female,67
5,Female,67
5,Female,67
5,Female,67
5,Male,67
5,Female,67
5,Male,67
5,Male,67
5,Male,67
5,Female,67
5,Male,67
5,Male,67
5,Female,67
5,Female,67
5,Female,67
5,Male,67
5,Male,67
5,Female,67
5,Male,67
5,Female,67
5,Male,67
5,Male,67
5,Male,67
5,Male,67
5,Male,67
5,Male,67
5,Male,67
5,Female,67
5,Male,67
5,Male,67
5,Female,67
5,Male,67
5,Female,67
5,Female,67
5,Male,67
5,Male,67
5,Male,67
5,Female,67
5,Male,67
5,Male,67
5,Male,67
5,Male,67
5,Female,67
5,Male,67
5,Male,67
5,Male,67
5,Female,67
5,Male,67
5,Male,67
5,Female,67
5,Male,67
5,Male,67
5,Female,67
5,Female,67
5,Male,67
5,Male,67
5,Female,67
5,Male,67
5,Female,67
5,Male,67
5,Male,67
5,Male,67
4,Male,67
4,Female,67
4,Male,67
4,Female,67
4,Male,67
4,Female,67
4,Female,67
4,Male,67
4,Male,67
4,Female,67
4,Male,67
4,Female,67
4,Male,67
4,Male,67
4,Male,67
4,Female,67
4,Female,67
4,Female,67
4,Female,67
4,Male,67
4,Male,67
4,Female,67
4,Male,67
4,Female,67
4,Male,67
4,Male,67
4,Male,67
4,Male,67
4,Male,67
4,Male,67
4,Female,67
4,Male,67
4,Male,67
4,Male,67
4,Female,67
4,Male,67
4,Male,67
4,Female,67
4,Female,67
10,Male,68
10,Female,68
10,Male,68
10,Male,68
10,Male,68
10,Female,68
10,Male,68
10,Female,68
10,Female,68
10,Male,68
10,Female,68
10,Female,68
10,Female,68
10,Male,68
10,Male,68
10,Male,68
10,Female,68
10,Male,68
10,Female,68
10,Male,68
10,Male,68
10,Male,68
10,Female,68
10,Male,68
10,Male,68
10,Male,68
10,Female,68
10,Female,68
10,Male,68
10,Female,68
10,Female,68
10,Male,68
10,Male,68
9,Male,68
9,Male,68
9,Female,68
9,Male,68
9,Male,68
9,Female,68
9,Male,68
9,Male,68
9,Female,68
9,Female,68
9,Female,68
9,Male,68
9,Female,68
9,Female,68
9,Male,68
9,Female,68
9,Female,68
9,Female,68
9,Male,68
9,Male,68
9,Male,68
9,Male,68
9,Male,68
9,Male,68
9,Male,68
9,Male,68
9,Male,68
9,Male,68
9,Male,68
9,Female,68
9,Female,68
9,Male,68
9,Male,68
9,Male,68
9,Male,68
9,Male,68
9,Male,68
9,Male,68
9,Male,68
9,Male,68
9,Male,68
9,Male,68
9,Female,68
9,Male,68
9,Female,68
9,Male,68
9,Male,68
9,Male,68
9,Male,68
9,Female,68
9,Female,68
9,Female,68
9,Male,68
9,Male,68
9,Male,68
9,Female,68
9,Male,68
9,Male,68
9,Female,68
9,Male,68
9,Male,68
9,Female,68
9,Female,68
9,Female,68
9,Female,68
9,Male,68
9,Female,68
9,Male,68
9,Male,68
9,Female,68
9,Male,68
9,Female,68
9,Male,68
9,Female,68
9,Female,68
9,Female,68
9,Male,68
9,Male,68
9,Female,68
9,Male,68
9,Female,68
9,Female,68
8,Male,68
8,Male,68
8,Male,68
8,Male,68
8,Female,68
8,Female,68
8,Female,68
8,Female,68
8,Female,68
8,Female,68
8,Male,68
8,Male,68
8,Female,68
8,Male,68
8,Male,68
8,Female,68
8,Male,68
8,Female,68
8,Male,68
8,Male,68
8,Male,68
8,Male,68
8,Female,68
8,Male,68
8,Male,68
8,Female,68
8,Female,68
8,Male,68
8,Female,68
8,Male,68
8,Male,68
8,Male,68
8,Female,68
8,Female,68
8,Female,68
8,Female,68
8,Female,68
8,Male,68
8,Male,68
8,Male,68
8,Female,68
8,Female,68
8,Male,68
8,Male,68
8,Male,68
8,Male,68
8,Female,68
8,Male,68
8,Male,68
8,Male,68
8,Male,68
8,Male,68
8,Male,68
8,Female,68
8,Female,68
8,Male,68
8,Female,68
8,Male,68
8,Male,68
8,Female,68
8,Male,68
8,Female,68
8,Female,68
8,Female,68
8,Male,68
8,Female,68
8,Male,68
8,Male,68
8,Male,68
8,Male,68
8,Male,68
8,Male,68
8,Female,68
8,Male,68
8,Male,68
8,Male,68
8,Female,68
8,Male,68
8,Female,68
8,Male,68
8,Male,68
8,Female,68
8,Female,68
8,Male,68
8,Male,68
8,Female,68
8,Male,68
8,Male,68
8,Female,68
8,Male,68
8,Female,68
8,Female,68
8,Male,68
8,Female,68
8,Female,68
8,Male,68
8,Male,68
8,Female,68
8,Male,68
8,Male,68
8,Female,68
8,Female,68
8,Male,68
8,Male,68
8,Male,68
8,Male,68
8,Male,68
8,Male,68
8,Female,68
8,Female,68
8,Male,68
8,Female,68
8,Female,68
8,Male,68
8,Male,68
8,Male,68
8,Male,68
8,Female,68
8,Female,68
8,Female,68
8,Female,68
8,Female,68
8,Female,68
8,Male,68
8,Male,68
8,Male,68
8,Male,68
8,Male,68
8,Male,68
8,Female,68
8,Male,68
8,Male,68
8,Male,68
8,Female,68
8,Male,68
8,Male,68
8,Female,68
8,Male,68
8,Male,68
8,Female,68
8,Male,68
8,Female,68
8,Male,68
8,Male,68
8,Female,68
8,Female,68
8,Male,68
8,Female,68
8,Male,68
8,Female,68
8,Male,68
8,Female,68
8,Female,68
8,Male,68
8,Female,68
8,Female,68
8,Female,68
8,Male,68
8,Female,68
8,Female,68
8,Male,68
8,Male,68
8,Male,68
8,Male,68
8,Male,68
8,Female,68
8,Female,68
8,Male,68
8,Male,68
8,Female,68
7,Male,68
7,Male,68
7,Female,68
7,Female,68
7,Female,68
7,Female,68
7,Female,68
7,Male,68
7,Female,68
7,Male,68
7,Male,68
7,Male,68
7,Female,68
7,Female,68
7,Female,68
7,Male,68
7,Female,68
7,Male,68
7,Female,68
7,Male,68
7,Female,68
7,Male,68
7,Male,68
7,Female,68
7,Female,68
7,Male,68
7,Female,68
7,Male,68
7,Male,68
7,Male,68
7,Female,68
7,Male,68
7,Male,68
7,Male,68
7,Female,68
7,Male,68
7,Male,68
7,Male,68
7,Male,68
7,Male,68
7,Female,68
7,Female,68
7,Male,68
7,Female,68
7,Male,68
7,Female,68
7,Female,68
7,Female,68
7,Male,68
7,Female,68
7,Male,68
7,Female,68
7,Female,68
7,Female,68
7,Male,68
7,Male,68
7,Male,68
7,Female,68
7,Female,68
7,Female,68
7,Male,68
7,Male,68
7,Male,68
7,Female,68
7,Female,68
7,Female,68
7,Female,68
7,Male,68
7,Female,68
7,Male,68
7,Female,68
7,Female,68
7,Male,68
7,Male,68
7,Female,68
7,Female,68
7,Male,68
7,Female,68
7,Female,68
7,Female,68
7,Female,68
7,Female,68
7,Male,68
7,Male,68
7,Male,68
7,Male,68
7,Male,68
7,Male,68
7,Male,68
7,Male,68
7,Male,68
7,Male,68
7,Female,68
7,Male,68
7,Female,68
7,Female,68
7,Male,68
7,Female,68
7,Male,68
7,Female,68
7,Male,68
7,Female,68
7,Male,68
7,Female,68
7,Female,68
7,Female,68
7,Male,68
7,Male,68
7,Male,68
7,Male,68
7,Female,68
7,Male,68
7,Female,68
7,Male,68
7,Female,68
7,Female,68
7,Female,68
7,Female,68
7,Female,68
7,Male,68
7,Male,68
7,Female,68
7,Male,68
7,Female,68
7,Male,68
7,Male,68
7,Male,68
7,Female,68
7,Male,68
7,Female,68
7,Female,68
7,Female,68
7,Female,68
7,Female,68
7,Male,68
7,Female,68
7,Female,68
7,Female,68
7,Male,68
7,Male,68
7,Male,68
7,Male,68
7,Female,68
7,Male,68
7,Male,68
7,Male,68
7,Male,68
7,Female,68
7,Female,68
7,Female,68
7,Female,68
7,Male,68
7,Female,68
7,Male,68
7,Female,68
7,Female,68
7,Male,68
7,Male,68
7,Male,68
7,Female,68
7,Female,68
7,Male,68
7,Male,68
7,Male,68
7,Male,68
7,Female,68
7,Male,68
7,Male,68
7,Female,68
7,Female,68
7,Male,68
7,Male,68
7,Female,68
7,Female,68
7,Female,68
7,Female,68
7,Female,68
7,Male,68
7,Male,68
7,Female,68
7,Male,68
7,Male,68
7,Male,68
7,Male,68
7,Female,68
7,Male,68
7,Female,68
7,Male,68
7,Female,68
7,Male,68
7,Female,68
7,Male,68
7,Male,68
7,Male,68
7,Female,68
7,Male,68
7,Female,68
7,Female,68
7,Female,68
7,Male,68
7,Male,68
7,Male,68
7,Male,68
7,Male,68
7,Female,68
7,Male,68
7,Male,68
7,Female,68
7,Male,68
7,Female,68
7,Female,68
6,Female,68
6,Male,68
6,Female,68
6,Female,68
6,Female,68
6,Female,68
6,Male,68
6,Male,68
6,Male,68
6,Male,68
6,Female,68
6,Male,68
6,Male,68
6,Female,68
6,Male,68
6,Male,68
6,Male,68
6,Male,68
6,Male,68
6,Male,68
6,Female,68
6,Female,68
6,Male,68
6,Male,68
6,Male,68
6,Male,68
6,Female,68
6,Female,68
6,Male,68
6,Male,68
6,Female,68
6,Female,68
6,Male,68
6,Male,68
6,Male,68
6,Female,68
6,Female,68
6,Male,68
6,Male,68
6,Female,68
6,Female,68
6,Male,68
6,Male,68
6,Female,68
6,Female,68
6,Male,68
6,Female,68
6,Male,68
6,Male,68
6,Male,68
6,Male,68
6,Female,68
6,Male,68
6,Male,68
6,Male,68
6,Male,68
6,Male,68
6,Male,68
6,Male,68
6,Female,68
6,Female,68
6,Female,68
6,Male,68
6,Male,68
6,Male,68
6,Male,68
6,Female,68
6,Female,68
6,Male,68
6,Male,68
6,Female,68
6,Male,68
6,Male,68
6,Male,68
6,Female,68
6,Female,68
6,Female,68
6,Female,68
6,Male,68
6,Female,68
6,Female,68
6,Male,68
6,Female,68
6,Female,68
6,Male,68
6,Female,68
6,Male,68
6,Male,68
6,Male,68
6,Male,68
6,Male,68
6,Male,68
6,Female,68
6,Female,68
6,Male,68
6,Female,68
6,Male,68
6,Male,68
6,Female,68
6,Male,68
6,Male,68
6,Male,68
6,Female,68
6,Male,68
6,Male,68
6,Male,68
6,Male,68
6,Male,68
6,Male,68
6,Male,68
6,Male,68
6,Female,68
6,Male,68
6,Male,68
6,Female,68
6,Female,68
6,Female,68
6,Male,68
6,Female,68
6,Male,68
6,Male,68
6,Female,68
6,Male,68
6,Female,68
6,Male,68
6,Male,68
6,Female,68
6,Male,68
6,Male,68
6,Female,68
6,Male,68
6,Female,68
6,Female,68
6,Male,68
6,Female,68
6,Female,68
6,Female,68
6,Female,68
6,Female,68
6,Female,68
6,Male,68
6,Male,68
6,Male,68
6,Male,68
6,Male,68
6,Male,68
6,Female,68
6,Female,68
6,Male,68
6,Male,68
6,Male,68
6,Female,68
6,Female,68
6,Female,68
5,Female,68
5,Female,68
5,Male,68
5,Male,68
5,Male,68
5,Female,68
5,Male,68
5,Female,68
5,Male,68
5,Male,68
5,Female,68
5,Male,68
5,Male,68
5,Female,68
5,Male,68
5,Male,68
5,Male,68
5,Male,68
5,Male,68
5,Female,68
5,Female,68
5,Female,68
5,Male,68
5,Female,68
5,Male,68
5,Male,68
5,Female,68
5,Female,68
5,Female,68
5,Male,68
5,Female,68
5,Male,68
5,Male,68
5,Female,68
5,Female,68
5,Female,68
5,Male,68
5,Female,68
5,Male,68
5,Male,68
5,Female,68
5,Female,68
5,Female,68
5,Female,68
5,Female,68
5,Female,68
5,Male,68
5,Male,68
5,Male,68
5,Male,68
5,Female,68
5,Female,68
5,Female,68
5,Male,68
5,Male,68
5,Male,68
5,Male,68
5,Female,68
5,Male,68
5,Female,68
5,Female,68
5,Female,68
5,Female,68
5,Male,68
5,Male,68
5,Male,68
5,Female,68
5,Male,68
5,Female,68
5,Female,68
5,Male,68
5,Female,68
5,Male,68
5,Female,68
5,Female,68
5,Male,68
4,Male,68
4,Female,68
4,Female,68
4,Male,68
4,Male,68
4,Female,68
4,Female,68
4,Male,68
4,Male,68
4,Male,68
4,Female,68
4,Female,68
4,Male,68
4,Female,68
4,Male,68
4,Female,68
4,Female,68
4,Female,68
4,Female,68
4,Male,68
4,Male,68
4,Male,68
4,Female,68
4,Male,68
4,Female,68
4,Male,68
4,Female,68
4,Female,68
4,Male,68
4,Male,68
4,Female,68
4,Female,68
4,Male,68
10,Male,69
10,Male,69
10,Male,69
10,Female,69
10,Female,69
10,Male,69
10,Male,69
10,Male,69
10,Male,69
10,Female,69
10,Female,69
10,Female,69
10,Male,69
10,Male,69
10,Female,69
10,Female,69
10,Female,69
10,Female,69
10,Male,69
10,Female,69
10,Female,69
10,Female,69
10,Male,69
10,Female,69
10,Male,69
10,Female,69
9,Male,69
9,Female,69
9,Male,69
9,Male,69
9,Male,69
9,Male,69
9,Male,69
9,Male,69
9,Male,69
9,Male,69
9,Female,69
9,Male,69
9,Male,69
9,Male,69
9,Male,69
9,Male,69
9,Male,69
9,Male,69
9,Male,69
9,Female,69
9,Male,69
9,Male,69
9,Female,69
9,Male,69
9,Male,69
9,Female,69
9,Male,69
9,Female,69
9,Male,69
9,Male,69
9,Female,69
9,Male,69
9,Female,69
9,Male,69
9,Female,69
9,Female,69
9,Female,69
9,Female,69
9,Female,69
9,Female,69
9,Male,69
9,Male,69
9,Female,69
9,Male,69
9,Male,69
9,Female,69
9,Female,69
9,Female,69
9,Male,69
9,Female,69
9,Male,69
9,Male,69
9,Female,69
9,Male,69
9,Male,69
9,Male,69
9,Male,69
9,Female,69
9,Female,69
9,Male,69
9,Male,69
9,Male,69
9,Male,69
9,Male,69
9,Female,69
9,Female,69
9,Male,69
9,Male,69
9,Male,69
9,Male,69
9,Male,69
9,Female,69
9,Male,69
9,Male,69
8,Male,69
8,Male,69
8,Male,69
8,Female,69
8,Male,69
8,Male,69
8,Female,69
8,Male,69
8,Male,69
8,Male,69
8,Male,69
8,Female,69
8,Male,69
8,Female,69
8,Male,69
8,Male,69
8,Male,69
8,Female,69
8,Female,69
8,Female,69
8,Female,69
8,Male,69
8,Male,69
8,Male,69
8,Male,69
8,Male,69
8,Female,69
8,Female,69
8,Male,69
8,Female,69
8,Male,69
8,Female,69
8,Male,69
8,Male,69
8,Male,69
8,Female,69
8,Male,69
8,Male,69
8,Male,69
8,Male,69
8,Male,69
8,Male,69
8,Female,69
8,Male,69
8,Female,69
8,Female,69
8,Male,69
8,Male,69
8,Male,69
8,Female,69
8,Male,69
8,Male,69
8,Female,69
8,Female,69
8,Male,69
8,Female,69
8,Male,69
8,Male,69
8,Male,69
8,Male,69
8,Male,69
8,Female,69
8,Male,69
8,Female,69
8,Female,69
8,Female,69
8,Male,69
8,Male,69
8,Male,69
8,Female,69
8,Female,69
8,Male,69
8,Female,69
8,Female,69
8,Male,69
8,Male,69
8,Female,69
8,Female,69
8,Female,69
8,Male,69
8,Female,69
8,Female,69
8,Male,69
8,Male,69
8,Female,69
8,Male,69
8,Male,69
8,Female,69
8,Female,69
8,Female,69
8,Male,69
8,Female,69
8,Male,69
8,Male,69
8,Male,69
8,Male,69
8,Female,69
8,Male,69
8,Male,69
8,Female,69
8,Female,69
8,Female,69
8,Female,69
8,Male,69
8,Female,69
8,Female,69
8,Male,69
8,Female,69
8,Female,69
8,Male,69
8,Male,69
8,Male,69
8,Male,69
8,Male,69
8,Male,69
8,Male,69
8,Female,69
8,Female,69
8,Male,69
8,Female,69
8,Female,69
8,Male,69
8,Male,69
8,Female,69
8,Female,69
8,Male,69
8,Male,69
8,Female,69
8,Male,69
8,Female,69
7,Male,69
7,Male,69
7,Female,69
7,Female,69
7,Male,69
7,Male,69
7,Female,69
7,Male,69
7,Female,69
7,Female,69
7,Male,69
7,Female,69
7,Male,69
7,Female,69
7,Female,69
7,Female,69
7,Male,69
7,Male,69
7,Female,69
7,Male,69
7,Female,69
7,Female,69
7,Female,69
7,Male,69
7,Male,69
7,Male,69
7,Female,69
7,Male,69
7,Male,69
7,Male,69
7,Male,69
7,Female,69
7,Female,69
7,Male,69
7,Female,69
7,Female,69
7,Female,69
7,Male,69
7,Male,69
7,Male,69
7,Male,69
7,Female,69
7,Male,69
7,Female,69
7,Male,69
7,Female,69
7,Female,69
7,Male,69
7,Female,69
7,Female,69
7,Male,69
7,Female,69
7,Female,69
7,Male,69
7,Male,69
7,Female,69
7,Female,69
7,Female,69
7,Male,69
7,Female,69
7,Female,69
7,Male,69
7,Male,69
7,Female,69
7,Female,69
7,Male,69
7,Male,69
7,Female,69
7,Male,69
7,Female,69
7,Female,69
7,Female,69
7,Male,69
7,Male,69
7,Male,69
7,Female,69
7,Male,69
7,Male,69
7,Female,69
7,Female,69
7,Female,69
7,Male,69
7,Male,69
7,Male,69
7,Male,69
7,Female,69
7,Male,69
7,Female,69
7,Female,69
7,Male,69
7,Female,69
7,Male,69
7,Female,69
7,Female,69
7,Male,69
7,Male,69
7,Male,69
7,Female,69
7,Female,69
7,Male,69
7,Male,69
7,Male,69
7,Male,69
7,Female,69
7,Male,69
7,Male,69
7,Male,69
7,Female,69
7,Male,69
7,Male,69
7,Female,69
7,Male,69
7,Male,69
7,Male,69
7,Male,69
7,Male,69
7,Female,69
7,Female,69
7,Male,69
7,Female,69
7,Female,69
7,Male,69
7,Female,69
7,Female,69
7,Male,69
7,Male,69
7,Male,69
7,Female,69
7,Male,69
7,Male,69
7,Male,69
7,Male,69
7,Male,69
7,Male,69
7,Male,69
7,Female,69
7,Female,69
7,Female,69
7,Female,69
7,Male,69
7,Male,69
7,Male,69
7,Male,69
7,Male,69
7,Male,69
7,Male,69
7,Female,69
7,Male,69
7,Male,69
7,Male,69
7,Male,69
7,Female,69
7,Male,69
7,Male,69
7,Female,69
7,Male,69
7,Male,69
7,Male,69
7,Male,69
7,Male,69
7,Female,69
7,Female,69
7,Female,69
7,Female,69
7,Female,69
7,Male,69
6,Male,69
6,Male,69
6,Male,69
6,Male,69
6,Female,69
6,Male,69
6,Female,69
6,Female,69
6,Male,69
6,Male,69
6,Female,69
6,Male,69
6,Female,69
6,Male,69
6,Female,69
6,Male,69
6,Male,69
6,Male,69
6,Male,69
6,Male,69
6,Male,69
6,Male,69
6,Male,69
6,Female,69
6,Male,69
6,Male,69
6,Male,69
6,Female,69
6,Male,69
6,Male,69
6,Male,69
6,Female,69
6,Female,69
6,Female,69
6,Female,69
6,Male,69
6,Male,69
6,Male,69
6,Female,69
6,Male,69
6,Male,69
6,Female,69
6,Male,69
6,Male,69
6,Male,69
6,Female,69
6,Male,69
6,Male,69
6,Male,69
6,Male,69
6,Female,69
6,Female,69
6,Male,69
6,Male,69
6,Male,69
6,Female,69
6,Male,69
6,Female,69
6,Female,69
6,Female,69
6,Male,69
6,Female,69
6,Male,69
6,Female,69
6,Male,69
6,Male,69
6,Male,69
6,Male,69
6,Male,69
6,Female,69
6,Female,69
6,Male,69
6,Male,69
6,Male,69
6,Female,69
6,Female,69
6,Female,69
6,Female,69
6,Male,69
6,Male,69
6,Male,69
6,Male,69
6,Female,69
6,Female,69
6,Male,69
6,Female,69
6,Male,69
6,Male,69
6,Male,69
6,Male,69
6,Male,69
6,Female,69
6,Male,69
6,Female,69
6,Male,69
6,Female,69
6,Female,69
6,Male,69
6,Male,69
6,Female,69
6,Female,69
6,Female,69
6,Male,69
6,Male,69
6,Female,69
6,Male,69
6,Male,69
6,Male,69
6,Female,69
6,Male,69
6,Female,69
6,Male,69
6,Male,69
6,Female,69
6,Female,69
6,Female,69
6,Male,69
6,Female,69
6,Male,69
6,Female,69
6,Male,69
6,Female,69
6,Male,69
6,Female,69
6,Male,69
6,Male,69
6,Male,69
6,Male,69
6,Male,69
5,Female,69
5,Female,69
5,Male,69
5,Female,69
5,Male,69
5,Female,69
5,Male,69
5,Male,69
5,Male,69
5,Female,69
5,Male,69
5,Female,69
5,Female,69
5,Male,69
5,Female,69
5,Female,69
5,Male,69
5,Male,69
5,Female,69
5,Female,69
5,Female,69
5,Male,69
5,Male,69
5,Male,69
5,Female,69
5,Female,69
5,Male,69
5,Female,69
5,Male,69
5,Male,69
5,Female,69
5,Female,69
5,Male,69
5,Female,69
5,Male,69
5,Female,69
5,Female,69
5,Female,69
5,Male,69
5,Female,69
5,Male,69
5,Male,69
5,Female,69
5,Male,69
5,Male,69
5,Female,69
5,Male,69
5,Male,69
5,Female,69
5,Female,69
5,Male,69
5,Male,69
5,Female,69
5,Male,69
5,Male,69
5,Male,69
5,Male,69
5,Male,69
5,Male,69
5,Male,69
5,Male,69
5,Male,69
5,Male,69
5,Female,69
5,Male,69
5,Female,69
5,Male,69
5,Male,69
5,Male,69
5,Female,69
4,Male,69
4,Male,69
4,Male,69
4,Male,69
4,Female,69
4,Female,69
4,Male,69
4,Female,69
4,Female,69
4,Male,69
4,Female,69
4,Male,69
4,Male,69
4,Male,69
4,Female,69
4,Male,69
4,Male,69
4,Male,69
4,Female,69
4,Male,69
4,Female,69
4,Male,69
4,Male,69
4,Male,69
4,Male,69
4,Male,69
4,Male,69
4,Male,69
4,Male,69
10,Female,70
10,Female,70
10,Female,70
10,Male,70
10,Female,70
10,Female,70
10,Male,70
10,Female,70
10,Female,70
10,Male,70
10,Female,70
10,Male,70
10,Female,70
10,Male,70
10,Female,70
10,Male,70
10,Male,70
10,Male,70
10,Male,70
10,Female,70
10,Male,70
10,Male,70
10,Female,70
10,Male,70
10,Male,70
10,Male,70
10,Male,70
10,Female,70
10,Female,70
9,Female,70
9,Male,70
9,Female,70
9,Male,70
9,Male,70
9,Male,70
9,Male,70
9,Male,70
9,Female,70
9,Female,70
9,Female,70
9,Male,70
9,Female,70
9,Male,70
9,Female,70
9,Male,70
9,Male,70
9,Male,70
9,Male,70
9,Male,70
9,Male,70
9,Female,70
9,Female,70
9,Female,70
9,Male,70
9,Male,70
9,Female,70
9,Female,70
9,Female,70
9,Female,70
9,Female,70
9,Female,70
9,Female,70
9,Male,70
9,Female,70
9,Female,70
9,Male,70
9,Male,70
9,Male,70
9,Female,70
9,Female,70
9,Female,70
9,Male,70
9,Female,70
9,Female,70
9,Male,70
9,Male,70
9,Male,70
9,Female,70
9,Female,70
9,Male,70
9,Female,70
9,Male,70
9,Male,70
9,Male,70
9,Female,70
9,Female,70
9,Male,70
9,Male,70
9,Male,70
9,Female,70
9,Male,70
9,Female,70
8,Male,70
8,Female,70
8,Male,70
8,Female,70
8,Male,70
8,Male,70
8,Female,70
8,Female,70
8,Female,70
8,Male,70
8,Male,70
8,Male,70
8,Male,70
8,Male,70
8,Female,70
8,Female,70
8,Female,70
8,Female,70
8,Male,70
8,Female,70
8,Female,70
8,Male,70
8,Male,70
8,Male,70
8,Male,70
8,Female,70
8,Female,70
8,Male,70
8,Male,70
8,Female,70
8,Male,70
8,Male,70
8,Female,70
8,Male,70
8,Male,70
8,Female,70
8,Male,70
8,Female,70
8,Female,70
8,Female,70
8,Female,70
8,Male,70
8,Male,70
8,Male,70
8,Male,70
8,Male,70
8,Female,70
8,Male,70
8,Female,70
8,Male,70
8,Female,70
8,Female,70
8,Male,70
8,Female,70
8,Male,70
8,Male,70
8,Male,70
8,Male,70
8,Male,70
8,Male,70
8,Male,70
8,Male,70
8,Female,70
8,Female,70
8,Male,70
8,Male,70
8,Female,70
8,Female,70
8,Male,70
8,Female,70
8,Female,70
8,Female,70
8,Male,70
8,Female,70
8,Male,70
8,Male,70
8,Male,70
8,Male,70
8,Male,70
8,Female,70
8,Male,70
8,Male,70
8,Female,70
8,Female,70
8,Male,70
8,Female,70
8,Female,70
8,Male,70
8,Female,70
8,Female,70
8,Male,70
8,Female,70
8,Male,70
8,Male,70
8,Male,70
8,Female,70
8,Male,70
8,Female,70
8,Male,70
8,Male,70
8,Female,70
8,Male,70
8,Male,70
8,Male,70
8,Female,70
8,Female,70
8,Female,70
8,Female,70
8,Male,70
8,Male,70
8,Male,70
8,Male,70
8,Male,70
8,Female,70
7,Male,70
7,Female,70
7,Female,70
7,Male,70
7,Female,70
7,Male,70
7,Male,70
7,Female,70
7,Female,70
7,Female,70
7,Male,70
7,Male,70
7,Female,70
7,Male,70
7,Female,70
7,Male,70
7,Male,70
7,Male,70
7,Male,70
7,Female,70
7,Female,70
7,Female,70
7,Male,70
7,Female,70
7,Female,70
7,Male,70
7,Male,70
7,Male,70
7,Male,70
7,Female,70
7,Female,70
7,Female,70
7,Female,70
7,Female,70
7,Female,70
7,Female,70
7,Male,70
7,Male,70
7,Female,70
7,Male,70
7,Female,70
7,Male,70
7,Male,70
7,Male,70
7,Male,70
7,Female,70
7,Male,70
7,Female,70
7,Male,70
7,Male,70
7,Female,70
7,Female,70
7,Male,70
7,Male,70
7,Male,70
7,Male,70
7,Male,70
7,Male,70
7,Female,70
7,Male,70
7,Female,70
7,Male,70
7,Male,70
7,Female,70
7,Male,70
7,Male,70
7,Female,70
7,Male,70
7,Male,70
7,Female,70
7,Male,70
7,Female,70
7,Male,70
7,Female,70
7,Female,70
7,Male,70
7,Female,70
7,Male,70
7,Male,70
7,Male,70
7,Male,70
7,Male,70
7,Male,70
7,Male,70
7,Male,70
7,Male,70
7,Female,70
7,Female,70
7,Male,70
7,Male,70
7,Female,70
7,Male,70
7,Male,70
7,Male,70
7,Male,70
7,Female,70
7,Male,70
7,Female,70
7,Male,70
7,Female,70
7,Male,70
7,Female,70
7,Female,70
7,Male,70
7,Male,70
7,Male,70
7,Male,70
7,Female,70
7,Female,70
7,Male,70
7,Female,70
7,Male,70
7,Female,70
7,Male,70
7,Male,70
7,Female,70
7,Female,70
7,Male,70
7,Male,70
7,Male,70
7,Male,70
7,Male,70
7,Male,70
7,Female,70
7,Female,70
7,Male,70
7,Male,70
7,Male,70
7,Female,70
7,Male,70
7,Male,70
7,Male,70
7,Male,70
7,Female,70
7,Male,70
7,Male,70
7,Male,70
6,Female,70
6,Male,70
6,Male,70
6,Female,70
6,Female,70
6,Female,70
6,Male,70
6,Female,70
6,Male,70
6,Female,70
6,Male,70
6,Male,70
6,Male,70
6,Male,70
6,Male,70
6,Female,70
6,Female,70
6,Male,70
6,Female,70
6,Male,70
6,Male,70
6,Female,70
6,Male,70
6,Male,70
6,Male,70
6,Male,70
6,Female,70
6,Female,70
6,Male,70
6,Male,70
6,Male,70
6,Female,70
6,Male,70
6,Female,70
6,Female,70
6,Male,70
6,Male,70
6,Male,70
6,Female,70
6,Female,70
6,Male,70
6,Male,70
6,Male,70
6,Male,70
6,Male,70
6,Female,70
6,Female,70
6,Female,70
6,Female,70
6,Female,70
6,Female,70
6,Female,70
6,Male,70
6,Male,70
6,Female,70
6,Male,70
6,Male,70
6,Male,70
6,Female,70
6,Female,70
6,Female,70
6,Male,70
6,Female,70
6,Female,70
6,Female,70
6,Male,70
6,Female,70
6,Male,70
6,Male,70
6,Female,70
6,Male,70
6,Female,70
6,Female,70
6,Male,70
6,Female,70
6,Female,70
6,Male,70
6,Male,70
6,Male,70
6,Female,70
6,Female,70
6,Male,70
6,Female,70
6,Male,70
6,Female,70
6,Male,70
6,Male,70
6,Female,70
6,Male,70
6,Male,70
6,Male,70
6,Male,70
6,Male,70
6,Female,70
6,Female,70
6,Female,70
6,Male,70
6,Male,70
6,Female,70
6,Male,70
6,Male,70
6,Female,70
6,Male,70
6,Male,70
6,Male,70
6,Female,70
6,Female,70
6,Female,70
6,Female,70
6,Female,70
6,Male,70
6,Male,70
6,Female,70
6,Male,70
6,Female,70
6,Male,70
6,Female,70
5,Female,70
5,Male,70
5,Male,70
5,Male,70
5,Male,70
5,Male,70
5,Male,70
5,Male,70
5,Male,70
5,Female,70
5,Male,70
5,Female,70
5,Male,70
5,Male,70
5,Male,70
5,Female,70
5,Male,70
5,Female,70
5,Female,70
5,Male,70
5,Male,70
5,Male,70
5,Female,70
5,Male,70
5,Male,70
5,Male,70
5,Female,70
5,Female,70
5,Male,70
5,Female,70
5,Female,70
5,Female,70
5,Female,70
5,Male,70
5,Female,70
5,Male,70
5,Male,70
5,Male,70
5,Male,70
5,Male,70
5,Female,70
5,Female,70
5,Female,70
5,Female,70
5,Male,70
5,Female,70
5,Male,70
5,Male,70
5,Male,70
5,Male,70
5,Male,70
5,Female,70
5,Female,70
5,Male,70
5,Male,70
5,Male,70
5,Female,70
5,Male,70
5,Female,70
5,Female,70
5,Female,70
5,Female,70
4,Male,70
4,Male,70
4,Male,70
4,Male,70
4,Male,70
4,Male,70
4,Male,70
4,Male,70
4,Female,70
4,Female,70
4,Male,70
4,Male,70
4,Female,70
4,Male,70
4,Male,70
4,Male,70
4,Female,70
4,Female,70
4,Female,70
4,Male,70
10,Male,71
10,Female,71
10,Male,71
10,Male,71
10,Male,71
10,Male,71
10,Male,71
10,Male,71
10,Male,71
10,Male,71
10,Male,71
10,Male,71
10,Male,71
10,Male,71
10,Male,71
10,Female,71
10,Male,71
10,Female,71
10,Male,71
10,Female,71
10,Male,71
10,Female,71
10,Female,71
9,Female,71
9,Male,71
9,Male,71
9,Male,71
9,Male,71
9,Female,71
9,Female,71
9,Male,71
9,Female,71
9,Male,71
9,Male,71
9,Male,71
9,Male,71
9,Female,71
9,Male,71
9,Male,71
9,Male,71
9,Female,71
9,Female,71
9,Male,71
9,Male,71
9,Female,71
9,Female,71
9,Male,71
9,Female,71
9,Male,71
9,Male,71
9,Male,71
9,Female,71
9,Male,71
9,Male,71
9,Male,71
9,Male,71
9,Female,71
9,Female,71
9,Female,71
9,Female,71
9,Female,71
9,Female,71
9,Female,71
9,Male,71
9,Female,71
9,Male,71
9,Male,71
9,Male,71
8,Male,71
8,Male,71
8,Male,71
8,Male,71
8,Male,71
8,Male,71
8,Male,71
8,Male,71
8,Male,71
8,Male,71
8,Male,71
8,Male,71
8,Female,71
8,Female,71
8,Male,71
8,Male,71
8,Female,71
8,Male,71
8,Male,71
8,Female,71
8,Female,71
8,Male,71
8,Male,71
8,Female,71
8,Male,71
8,Female,71
8,Female,71
8,Female,71
8,Female,71
8,Female,71
8,Male,71
8,Male,71
8,Female,71
8,Male,71
8,Female,71
8,Female,71
8,Male,71
8,Female,71
8,Female,71
8,Male,71
8,Female,71
8,Male,71
8,Male,71
8,Male,71
8,Female,71
8,Male,71
8,Female,71
8,Male,71
8,Female,71
8,Male,71
8,Male,71
8,Male,71
8,Male,71
8,Male,71
8,Female,71
8,Female,71
8,Male,71
8,Male,71
8,Female,71
8,Male,71
8,Male,71
8,Female,71
8,Female,71
8,Female,71
8,Female,71
8,Male,71
8,Female,71
8,Female,71
8,Male,71
8,Male,71
8,Male,71
8,Male,71
8,Male,71
8,Female,71
8,Female,71
8,Male,71
8,Male,71
8,Female,71
8,Female,71
8,Male,71
8,Male,71
8,Female,71
8,Male,71
8,Male,71
8,Male,71
8,Female,71
8,Male,71
8,Female,71
8,Female,71
8,Male,71
8,Female,71
8,Male,71
8,Male,71
8,Female,71
8,Female,71
8,Male,71
8,Male,71
8,Female,71
8,Female,71
8,Male,71
8,Male,71
7,Male,71
7,Male,71
7,Female,71
7,Male,71
7,Male,71
7,Female,71
7,Male,71
7,Male,71
7,Female,71
7,Female,71
7,Male,71
7,Male,71
7,Male,71
7,Male,71
7,Male,71
7,Male,71
7,Female,71
7,Female,71
7,Male,71
7,Female,71
7,Male,71
7,Female,71
7,Female,71
7,Male,71
7,Female,71
7,Male,71
7,Female,71
7,Male,71
7,Male,71
7,Male,71
7,Male,71
7,Female,71
7,Male,71
7,Male,71
7,Female,71
7,Female,71
7,Female,71
7,Male,71
7,Female,71
7,Male,71
7,Male,71
7,Female,71
7,Male,71
7,Male,71
7,Male,71
7,Female,71
7,Male,71
7,Male,71
7,Female,71
7,Female,71
7,Female,71
7,Female,71
7,Male,71
7,Male,71
7,Female,71
7,Female,71
7,Female,71
7,Male,71
7,Female,71
7,Male,71
7,Male,71
7,Female,71
7,Female,71
7,Male,71
7,Female,71
7,Female,71
7,Male,71
7,Female,71
7,Male,71
7,Male,71
7,Female,71
7,Female,71
7,Female,71
7,Male,71
7,Male,71
7,Male,71
7,Male,71
7,Female,71
7,Male,71
7,Male,71
7,Male,71
7,Female,71
7,Male,71
7,Male,71
7,Male,71
7,Male,71
7,Male,71
7,Male,71
7,Female,71
7,Male,71
7,Male,71
7,Male,71
7,Male,71
7,Male,71
7,Female,71
7,Female,71
7,Female,71
7,Male,71
7,Female,71
7,Female,71
7,Female,71
7,Male,71
7,Female,71
7,Male,71
7,Female,71
7,Female,71
6,Male,71
6,Male,71
6,Male,71
6,Male,71
6,Male,71
6,Male,71
6,Female,71
6,Male,71
6,Male,71
6,Male,71
6,Male,71
6,Male,71
6,Female,71
6,Male,71
6,Male,71
6,Female,71
6,Female,71
6,Female,71
6,Male,71
6,Male,71
6,Female,71
6,Male,71
6,Female,71
6,Female,71
6,Male,71
6,Female,71
6,Female,71
6,Female,71
6,Male,71
6,Female,71
6,Male,71
6,Female,71
6,Male,71
6,Male,71
6,Female,71
6,Male,71
6,Male,71
6,Female,71
6,Male,71
6,Female,71
6,Female,71
6,Male,71
6,Female,71
6,Male,71
6,Male,71
6,Male,71
6,Male,71
6,Female,71
6,Male,71
6,Male,71
6,Male,71
6,Female,71
6,Female,71
6,Male,71
6,Male,71
6,Male,71
6,Male,71
6,Male,71
6,Female,71
6,Male,71
6,Male,71
6,Male,71
6,Male,71
6,Male,71
6,Female,71
6,Male,71
6,Male,71
6,Male,71
6,Male,71
6,Female,71
6,Male,71
6,Male,71
6,Male,71
6,Female,71
6,Male,71
6,Female,71
6,Male,71
6,Male,71
6,Male,71
6,Male,71
6,Male,71
6,Female,71
6,Female,71
6,Male,71
6,Female,71
5,Male,71
5,Female,71
5,Male,71
5,Female,71
5,Male,71
5,Male,71
5,Male,71
5,Male,71
5,Female,71
5,Male,71
5,Male,71
5,Male,71
5,Female,71
5,Male,71
5,Male,71
5,Female,71
5,Female,71
5,Male,71
5,Male,71
5,Female,71
5,Male,71
5,Male,71
5,Male,71
5,Female,71
5,Female,71
5,Male,71
5,Male,71
5,Male,71
5,Female,71
5,Male,71
5,Female,71
5,Female,71
5,Male,71
5,Male,71
5,Female,71
4,Male,71
4,Male,71
4,Male,71
4,Male,71
4,Female,71
4,Male,71
4,Female,71
4,Male,71
4,Female,71
4,Female,71
4,Female,71
4,Female,71
4,Female,71
10,Female,72
10,Male,72
10,Male,72
10,Female,72
10,Female,72
10,Male,72
10,Female,72
10,Male,72
10,Female,72
10,Male,72
10,Female,72
10,Male,72
10,Male,72
10,Male,72
10,Male,72
10,Male,72
10,Male,72
10,Female,72
10,Male,72
10,Male,72
9,Male,72
9,Male,72
9,Female,72
9,Female,72
9,Male,72
9,Male,72
9,Female,72
9,Female,72
9,Male,72
9,Male,72
9,Male,72
9,Female,72
9,Male,72
9,Male,72
9,Male,72
9,Female,72
9,Male,72
9,Male,72
9,Female,72
9,Female,72
9,Male,72
9,Female,72
9,Female,72
9,Female,72
9,Female,72
9,Female,72
9,Male,72
9,Male,72
9,Female,72
9,Male,72
9,Female,72
9,Male,72
9,Male,72
9,Female,72
9,Male,72
9,Male,72
9,Male,72
9,Female,72
9,Male,72
8,Male,72
8,Male,72
8,Female,72
8,Female,72
8,Male,72
8,Female,72
8,Female,72
8,Male,72
8,Male,72
8,Female,72
8,Female,72
8,Male,72
8,Female,72
8,Female,72
8,Male,72
8,Male,72
8,Female,72
8,Male,72
8,Male,72
8,Male,72
8,Male,72
8,Female,72
8,Male,72
8,Male,72
8,Female,72
8,Male,72
8,Female,72
8,Male,72
8,Female,72
8,Male,72
8,Female,72
8,Male,72
8,Male,72
8,Male,72
8,Male,72
8,Male,72
8,Male,72
8,Male,72
8,Female,72
8,Male,72
8,Male,72
8,Female,72
8,Male,72
8,Male,72
8,Male,72
8,Male,72
8,Female,72
8,Female,72
8,Male,72
8,Female,72
8,Female,72
8,Female,72
8,Female,72
8,Male,72
8,Male,72
8,Female,72
8,Male,72
8,Male,72
8,Female,72
8,Male,72
8,Male,72
8,Female,72
8,Female,72
8,Female,72
8,Male,72
7,Female,72
7,Male,72
7,Female,72
7,Male,72
7,Male,72
7,Male,72
7,Male,72
7,Male,72
7,Male,72
7,Female,72
7,Female,72
7,Female,72
7,Male,72
7,Male,72
7,Male,72
7,Male,72
7,Male,72
7,Male,72
7,Female,72
7,Male,72
7,Male,72
7,Male,72
7,Female,72
7,Female,72
7,Male,72
7,Male,72
7,Male,72
7,Male,72
7,Male,72
7,Male,72
7,Female,72
7,Female,72
7,Male,72
7,Male,72
7,Female,72
7,Male,72
7,Female,72
7,Male,72
7,Male,72
7,Male,72
7,Female,72
7,Male,72
7,Male,72
7,Male,72
7,Female,72
7,Male,72
7,Male,72
7,Male,72
7,Female,72
7,Female,72
7,Female,72
7,Male,72
7,Male,72
7,Male,72
7,Male,72
7,Female,72
7,Male,72
7,Male,72
7,Female,72
7,Male,72
7,Female,72
7,Male,72
7,Female,72
7,Male,72
7,Male,72
7,Male,72
7,Male,72
7,Male,72
7,Female,72
7,Male,72
7,Male,72
7,Female,72
6,Male,72
6,Male,72
6,Female,72
6,Female,72
6,Female,72
6,Male,72
6,Male,72
6,Female,72
6,Male,72
6,Male,72
6,Male,72
6,Male,72
6,Female,72
6,Female,72
6,Female,72
6,Female,72
6,Male,72
6,Male,72
6,Male,72
6,Female,72
6,Male,72
6,Male,72
6,Male,72
6,Male,72
6,Male,72
6,Female,72
6,Male,72
6,Male,72
6,Male,72
6,Male,72
6,Male,72
6,Male,72
6,Female,72
6,Male,72
6,Female,72
6,Female,72
6,Female,72
6,Male,72
6,Male,72
6,Male,72
6,Male,72
6,Male,72
6,Female,72
6,Female,72
6,Male,72
6,Male,72
6,Female,72
6,Male,72
6,Male,72
6,Male,72
6,Male,72
6,Female,72
6,Female,72
6,Male,72
6,Female,72
6,Male,72
6,Female,72
6,Female,72
6,Male,72
6,Female,72
6,Male,72
5,Male,72
5,Male,72
5,Male,72
5,Male,72
5,Female,72
5,Male,72
5,Male,72
5,Male,72
5,Male,72
5,Male,72
5,Male,72
5,Male,72
5,Male,72
5,Female,72
5,Female,72
5,Male,72
5,Male,72
5,Male,72
5,Male,72
5,Male,72
5,Male,72
5,Female,72
5,Male,72
5,Female,72
5,Female,72
5,Male,72
5,Female,72
5,Female,72
4,Female,72
4,Male,72
4,Female,72
4,Male,72
4,Male,72
4,Male,72
4,Female,72
4,Male,72
4,Male,72
4,Female,72
4,Male,72
4,Male,72
4,Male,72
4,Male,72
4,Female,72
4,Male,72
4,Female,72
4,Female,72
4,Female,72
10,Male,73
10,Male,73
10,Male,73
9,Female,73
9,Male,73
9,Male,73
9,Male,73
9,Female,73
9,Female,73
9,Female,73
9,Male,73
9,Male,73
9,Female,73
9,Female,73
9,Male,73
9,Male,73
9,Female,73
9,Male,73
9,Female,73
9,Male,73
9,Female,73
9,Male,73
9,Male,73
9,Female,73
9,Female,73
8,Female,73
8,Male,73
8,Female,73
8,Female,73
8,Male,73
8,Female,73
8,Female,73
8,Male,73
8,Male,73
8,Female,73
8,Female,73
8,Female,73
8,Male,73
8,Male,73
8,Male,73
8,Male,73
8,Female,73
8,Male,73
8,Male,73
8,Male,73
8,Male,73
8,Male,73
8,Female,73
7,Female,73
7,Male,73
7,Female,73
7,Male,73
7,Female,73
7,Male,73
7,Female,73
7,Male,73
7,Male,73
7,Male,73
7,Female,73
7,Female,73
7,Male,73
7,Female,73
7,Female,73
7,Male,73
7,Male,73
7,Male,73
7,Female,73
7,Female,73
7,Female,73
7,Male,73
7,Female,73
7,Male,73
7,Female,73
7,Female,73
7,Male,73
7,Male,73
7,Female,73
7,Female,73
7,Male,73
6,Female,73
6,Female,73
6,Male,73
6,Male,73
6,Male,73
6,Male,73
6,Male,73
6,Male,73
6,Male,73
6,Female,73
6,Female,73
6,Male,73
6,Female,73
6,Female,73
6,Male,73
6,Female,73
6,Male,73
6,Female,73
6,Male,73
6,Male,73
6,Female,73
6,Female,73
6,Male,73
6,Male,73
6,Female,73
6,Female,73
6,Male,73
6,Male,73
6,Male,73
6,Male,73
6,Female,73
6,Male,73
6,Female,73
6,Male,73
6,Female,73
6,Male,73
6,Female,73
5,Male,73
5,Female,73
5,Female,73
5,Female,73
5,Female,73
5,Male,73
5,Female,73
5,Male,73
5,Male,73
5,Female,73
5,Male,73
5,Male,73
5,Male,73
5,Male,73
5,Female,73
5,Male,73
5,Female,73
4,Female,73
4,Female,73
4,Female,73
4,Male,73
4,Male,73
4,Male,73
4,Male,73
4,Male,73
10,Female,74
10,Male,74
10,Male,74
10,Male,74
9,Female,74
9,Male,74
9,Male,74
9,Male,74
9,Male,74
9,Male,74
9,Male,74
9,Male,74
8,Male,74
8,Male,74
8,Female,74
8,Female,74
8,Female,74
8,Male,74
8,Male,74
8,Female,74
8,Male,74
8,Male,74
8,Male,74
8,Male,74
8,Female,74
8,Male,74
7,Male,74
7,Female,74
7,Female,74
7,Female,74
7,Male,74
7,Female,74
7,Male,74
7,Male,74
7,Female,74
7,Female,74
7,Female,74
7,Female,74
7,Female,74
7,Female,74
7,Female,74
7,Male,74
7,Male,74
7,Male,74
7,Male,74
7,Male,74
7,Male,74
7,Male,74
7,Male,74
7,Female,74
7,Male,74
7,Female,74
7,Male,74
7,Male,74
7,Female,74
7,Male,74
7,Male,74
7,Male,74
7,Female,74
6,Male,74
6,Male,74
6,Female,74
6,Male,74
6,Male,74
6,Female,74
6,Male,74
6,Female,74
6,Female,74
6,Female,74
6,Male,74
6,Male,74
6,Female,74
6,Male,74
6,Male,74
6,Male,74
6,Male,74
6,Female,74
6,Female,74
6,Female,74
5,Male,74
5,Male,74
5,Male,74
5,Male,74
5,Female,74
5,Male,74
5,Male,74
5,Female,74
5,Male,74
5,Male,74
5,Female,74
5,Male,74
5,Male,74
5,Female,74
5,Female,74
5,Male,74
5,Male,74
5,Female,74
4,Male,74
4,Male,74
4,Female,74
4,Female,74
4,Female,74
4,Male,74
4,Female,74
4,Female,74
4,Female,74
10,Female,75
9,Male,75
9,Male,75
9,Male,75
9,Female,75
9,Female,75
8,Female,75
8,Male,75
8,Male,75
8,Female,75
8,Female,75
8,Female,75
8,Male,75
8,Female,75
7,Male,75
7,Female,75
7,Male,75
7,Male,75
7,Male,75
7,Female,75
7,Male,75
7,Female,75
7,Female,75
7,Female,75
7,Female,75
7,Female,75
7,Female,75
7,Female,75
7,Female,75
7,Female,75
7,Male,75
6,Male,75
6,Male,75
6,Male,75
6,Male,75
6,Female,75
6,Female,75
6,Female,75
6,Female,75
5,Male,75
5,Female,75
5,Female,75
5,Female,75
5,Male,75
4,Female,75
4,Female,75
4,Female,75
4,Female,75
8,Female,76
8,Male,76
8,Female,76
8,Female,76
8,Male,76
7,Male,76
7,Male,76
7,Male,76
7,Female,76
7,Male,76
6,Female,76
6,Male,76
5,Female,76
5,Male,76
5,Male,76
5,Female,76
9,Male,77
8,Male,77
8,Female,77
7,Female,77
6,Male,77
8,Female,78
7,Female,78
7,Female,78
5,Male,78
10,Female,79
7,Female,79
7,Female,79
8,Male,80
7,Male,80
6,Male,80
6,Female,80
5,Male,80
8,Male,82
6,Male,82
6,Male,82
5,Male,82
7,Female,83
9,Female,84
7,Male,84
7,Female,84
9,Male,85
10,Male,86
9,Male,86
6,Female,86
5,Male,86
8,Male,87
8,Female,87
9,Male,88
8,Male,88
7,Male,88
9,Female,89
7,Male,89
6,Female,89
9,Male,91
7,Male,92
4,Male,92
7,Female,93
7,Female,93
8,Male,94
7,Male,94
6,Female,94
5,Female,94
6,Female,95
6,Female,95
7,Female,96
7,Female,97
7,Male,97
6,Male,97
9,Female,98
8,Female,98
4,Male,98
8,Female,99
4,Male,99
4,Female,100
